,編號,案類,發生日期,發生時段,發生地點,tokenizer,time_zone
0,1,住宅竊盜,1030623,08~10,臺北市中正區廈門街91~120號,['臺  北市  中正  區廈  門街  91  ~  120  號'],morning
3,4,住宅竊盜,1040101,06~08,臺北市中山區新生北路1段91~120號,['臺  北市  中山  區  新生北路  1  段  91  ~  120  號'],morning
4,5,住宅竊盜,1040101,10~12,臺北市文山區明興里興隆路4段1~30號,['臺  北市  文山  區明  興里  興隆路  4  段  1  ~  30  號'],morning
6,7,住宅竊盜,1040102,06~08,臺北市萬華區糖?里大理街159巷1~30號,['臺  北市  萬華區  糖  ?  里  大理  街  159  巷  1  ~  30  號'],morning
7,8,住宅竊盜,1040102,06~08,臺北市萬華區糖?里大理街159巷1~30號,['臺  北市  萬華區  糖  ?  里  大理  街  159  巷  1  ~  30  號'],morning
8,9,住宅竊盜,1040102,10~12,臺北市中山區吉林路121~150號,['臺  北市  中山  區  吉林路  121  ~  150  號'],morning
9,10,住宅竊盜,1040104,10~12,臺北市信義區五常里永吉路225巷32弄1~30號,['臺  北市  信義區  五常  里  永吉  路  225  巷  32  弄  1  ~  30  號'],morning
20,21,住宅竊盜,1040108,08~10,臺北市文山區萬美里萬美街1段61~90號,['臺  北市  文山  區萬美里  萬美街  1  段  61  ~  90  號'],morning
21,22,住宅竊盜,1040109,10~12,臺北市內湖區港華里港華街1~30號,['臺  北市  內  湖區  港華里  港華街  1  ~  30  號'],morning
25,26,住宅竊盜,1040111,08~10,臺北市萬華區萬大路387巷1~30號,['臺  北市  萬華區  萬  大路  387  巷  1  ~  30  號'],morning
26,27,住宅竊盜,1040112,08~10,臺北市大安區龍雲里4鄰大安路2段132巷1~30號,['臺  北市  大安  區龍雲里  4  鄰  大安  路  2  段  132  巷  1  ~  30  號'],morning
29,30,住宅竊盜,1040113,10~12,臺北市萬華區青年路31~60號,['臺  北市  萬華區  青年  路  31  ~  60  號'],morning
30,31,住宅竊盜,1040114,08~10,臺北市松山區富錦街572巷1~30號,['臺  北市  松山  區富  錦街  572  巷  1  ~  30  號'],morning
33,34,住宅竊盜,1040115,06~08,臺北市南港區舊莊街1段290巷1弄1~30號,['臺  北市  南港  區舊  莊街  1  段  290  巷  1  弄  1  ~  30  號'],morning
34,35,住宅竊盜,1040115,06~08,臺北市南港區九如里研究院路3段18巷1~30號,['臺  北市  南港  區九如里  研究院  路  3  段  18  巷  1  ~  30  號'],morning
35,36,住宅竊盜,1040115,10~12,臺北市內湖區民權東路6段296巷91~120號,['臺  北市  內  湖區民權  東路  6  段  296  巷  91  ~  120  號'],morning
37,38,住宅竊盜,1040116,10~12,臺北市松山區敦化南路2段31~60號,['臺  北市  松山  區  敦化南路  2  段  31  ~  60  號'],morning
38,39,住宅竊盜,1040117,08~10,臺北市信義區國業里松德路25巷31~60號,['臺  北市  信義區  國業里  松德路  25  巷  31  ~  60  號'],morning
43,44,住宅竊盜,1040118,06~08,臺北市萬華區西園路2段320巷61~90號,['臺  北市  萬華區  西園  路  2  段  320  巷  61  ~  90  號'],morning
44,45,住宅竊盜,1040118,10~12,臺北市大安區通化里通化街19巷1~30號,['臺  北市  大安  區  通化  里  通化街  19  巷  1  ~  30  號'],morning
46,47,住宅竊盜,1040119,06~08,臺北市大同區蓬萊里昌吉街50巷1~30號,['臺  北市  大同  區蓬萊里  昌吉  街  50  巷  1  ~  30  號'],morning
48,49,住宅竊盜,1040121,08~10,臺北市萬華區柳鄉里1鄰桂林路242巷6弄1~30號,['臺  北市  萬華區  柳鄉  里  1  鄰  桂林  路  242  巷  6  弄  1  ~  30  號'],morning
52,53,住宅竊盜,1040122,10~12,臺北市大同區揚雅里承德路3段90巷1~30號,['臺  北市  大同  區揚雅里  承德路  3  段  90  巷  1  ~  30  號'],morning
57,58,住宅竊盜,1040124,10~12,臺北市萬華區梧州街60巷1~30號,['臺  北市  萬華區  梧州  街  60  巷  1  ~  30  號'],morning
59,60,住宅竊盜,1040126,08~10,臺北市大同區酒泉街103巷1~30號,['臺  北市  大同  區  酒泉街  103  巷  1  ~  30  號'],morning
63,64,住宅竊盜,1040127,06~08,臺北市中山區民生東路3段9巷1~30號,['臺  北市  中山  區  民生  東路  3  段  9  巷  1  ~  30  號'],morning
64,65,住宅竊盜,1040127,10~12,臺北市文山區景興路238巷1~30號,['臺  北市  文山  區景興路  238  巷  1  ~  30  號'],morning
65,66,住宅竊盜,1040127,10~12,臺北市文山區景興路238巷1~30號,['臺  北市  文山  區景興路  238  巷  1  ~  30  號'],morning
75,76,住宅竊盜,1040201,10~12,臺北市松山區敦化北路199巷100弄1~30號,['臺  北市  松山  區  敦化北路  199  巷  100  弄  1  ~  30  號'],morning
76,77,住宅竊盜,1040201,10~12,臺北市北投區雙全街62巷1~30號,['臺  北  市北  投區  雙全  街  62  巷  1  ~  30  號'],morning
78,79,住宅竊盜,1040202,08~10,臺北市中正區網溪里廈門街91~120號,['臺  北市  中正  區網  溪里  廈門  街  91  ~  120  號'],morning
85,86,住宅竊盜,1040206,08~10,臺北市中山區合江街20巷1~30號,['臺  北市  中山  區  合江  街  20  巷  1  ~  30  號'],morning
92,93,住宅竊盜,1040210,10~12,臺北市士林區福志里志成路22巷15弄1~30號,['臺  北市  士林  區福志里  志成  路  22  巷  15  弄  1  ~  30  號'],morning
99,100,住宅竊盜,1040213,08~10,臺北市中山區農安街1~30號,['臺  北市  中山  區農安街  1  ~  30  號'],morning
100,101,住宅竊盜,1040214,08~10,臺北市士林區明勝里承德路4段12巷61~90號,['臺  北市  士林  區明  勝里  承德路  4  段  12  巷  61  ~  90  號'],morning
101,102,住宅竊盜,1040215,08~10,臺北市中山區長安東路2段1~30號,['臺  北市  中山  區長  安東路  2  段  1  ~  30  號'],morning
102,103,住宅竊盜,1040215,08~10,臺北市大安區法治里通化街173巷1~30號,['臺  北市  大安  區  法治  里  通化街  173  巷  1  ~  30  號'],morning
111,112,住宅竊盜,1040218,06~08,臺北市大同區民權里民權西路160巷30弄1~30號,['臺  北市  大同  區民權  里民權  西路  160  巷  30  弄  1  ~  30  號'],morning
116,117,住宅竊盜,1040220,06~08,臺北市北投區文林里致遠一路1段31~60號,['臺  北  市北  投區文  林里  致遠  一路  1  段  31  ~  60  號'],morning
127,128,住宅竊盜,1040225,08~10,臺北市士林區聖山里忠誠路1段147巷1~30號,['臺  北市  士林  區聖  山里  忠誠路  1  段  147  巷  1  ~  30  號'],morning
128,129,住宅竊盜,1040225,10~12,臺北市南港區舊莊里舊莊街1段145巷6弄1~30號,['臺  北市  南港  區舊  莊里  舊  莊街  1  段  145  巷  6  弄  1  ~  30  號'],morning
134,135,住宅竊盜,1040227,10~12,臺北市北投區中央里大興街24巷7弄1~30號,['臺  北  市北  投區  中央  里  大興街  24  巷  7  弄  1  ~  30  號'],morning
137,138,住宅竊盜,1040302,08~10,臺北市松山區八德路4段106巷6弄1~30號,['臺  北市  松山  區  八德  路  4  段  106  巷  6  弄  1  ~  30  號'],morning
154,155,住宅竊盜,1040311,08~10,臺北市中山區新生北路22段58巷1~30號,['臺  北市  中山  區  新生北路  22  段  58  巷  1  ~  30  號'],morning
156,157,住宅竊盜,1040312,10~12,臺北市大同區至聖里大龍街259巷10弄1~30號,['臺  北市  大同  區至  聖里  大龍街  259  巷  10  弄  1  ~  30  號'],morning
163,164,住宅竊盜,1040316,08~10,臺北市中正區螢雪里水源路151~180號,['臺  北市  中正  區螢  雪里  水源路  151  ~  180  號'],morning
171,172,住宅竊盜,1040324,06~08,臺北市北投區永明里石牌路2段97巷1~30號,['臺  北  市北  投區  永明  里  石牌路  2  段  97  巷  1  ~  30  號'],morning
172,173,住宅竊盜,1040324,08~10,臺北市松山區民權東路3段153巷3弄1~30號,['臺  北市  松山  區民權  東路  3  段  153  巷  3  弄  1  ~  30  號'],morning
173,174,住宅竊盜,1040324,10~12,臺北市萬華區東園街85巷4弄1~30號,['臺  北市  萬華區  東園  街  85  巷  4  弄  1  ~  30  號'],morning
180,181,住宅竊盜,1040328,10~12,臺北市中山區民權東路3段1~30號,['臺  北市  中山  區民權  東路  3  段  1  ~  30  號'],morning
181,182,住宅竊盜,1040329,08~10,臺北市松山區南京東路5段31~60號,['臺  北市  松山  區  南京  東路  5  段  31  ~  60  號'],morning
182,183,住宅竊盜,1040330,08~10,臺北市中山區松江路332､334號,['臺  北市  中山  區  松江  路  332  ､  334  號'],morning
183,184,住宅竊盜,1040330,10~12,臺北市士林區平等里平菁街105巷1~30號,['臺  北市  士林  區  平等  里  平菁  街  105  巷  1  ~  30  號'],morning
185,186,住宅竊盜,1040331,08~10,臺北市內湖區金瑞里金龍路1~30號,['臺  北市  內  湖區  金瑞里  金龍路  1  ~  30  號'],morning
197,198,住宅竊盜,1040407,10~12,臺北市中山區大直街84巷1~30號,['臺  北市  中山  區大直  街  84  巷  1  ~  30  號'],morning
198,199,住宅竊盜,1040407,10~12,臺北市內湖區紫陽里文德路22巷59弄1~30號,['臺  北市  內  湖區  紫陽里  文德路  22  巷  59  弄  1  ~  30  號'],morning
200,201,住宅竊盜,1040409,10~12,臺北市中山區農安街1~30號,['臺  北市  中山  區農安街  1  ~  30  號'],morning
201,202,住宅竊盜,1040410,06~08,臺北市北投區吉利里23鄰吉利街320巷1弄1~30號,['臺  北  市北  投區  吉利  里  23  鄰  吉利  街  320  巷  1  弄  1  ~  30  號'],morning
204,205,住宅竊盜,1040411,10~12,臺北市內湖區內湖路1段359巷1~30號,['臺  北市  內  湖區  內  湖路  1  段  359  巷  1  ~  30  號'],morning
205,206,住宅竊盜,1040413,10~12,臺北市北投區智仁里杏林二路28巷1~30號,['臺  北  市北  投區  智仁里  杏林  二路  28  巷  1  ~  30  號'],morning
209,210,住宅竊盜,1040415,08~10,臺北市松山區民生東路4段55巷1~30號,['臺  北市  松山  區  民生  東路  4  段  55  巷  1  ~  30  號'],morning
211,212,住宅竊盜,1040416,06~08,臺北市文山區萬和里1鄰溪州街137巷61~90號,['臺  北市  文山  區萬  和  里  1  鄰  溪州  街  137  巷  61  ~  90  號'],morning
212,213,住宅竊盜,1040416,06~08,臺北市士林區三玉里忠誠路2段41巷1~30號,['臺  北市  士林  區三玉里  忠誠路  2  段  41  巷  1  ~  30  號'],morning
227,228,住宅竊盜,1040423,08~10,臺北市松山區南京東路5段211~240號,['臺  北市  松山  區  南京  東路  5  段  211  ~  240  號'],morning
231,232,住宅竊盜,1040424,10~12,臺北市內湖區樂康里康樂街72巷17弄121~150號,['臺  北市  內  湖區  樂康里  康樂街  72  巷  17  弄  121  ~  150  號'],morning
235,236,住宅竊盜,1040427,06~08,臺北市中山區大直街62巷5弄1~30號,['臺  北市  中山  區大直  街  62  巷  5  弄  1  ~  30  號'],morning
236,237,住宅竊盜,1040427,08~10,臺北市內湖區湖興里20鄰成功路2段250巷31~60號,['臺  北市  內  湖區  湖興里  20  鄰  成功  路  2  段  250  巷  31  ~  60  號'],morning
244,245,住宅竊盜,1040430,08~10,臺北市內湖區麗山街328巷1~30號,['臺  北市  內  湖區麗山  街  328  巷  1  ~  30  號'],morning
252,253,住宅竊盜,1040504,10~12,臺北市中山區長安東路1段31~60號,['臺  北市  中山  區長  安東路  1  段  31  ~  60  號'],morning
254,255,住宅竊盜,1040505,10~12,臺北市南港區舊莊里舊莊街1段145巷6弄1~30號,['臺  北市  南港  區舊  莊里  舊  莊街  1  段  145  巷  6  弄  1  ~  30  號'],morning
258,259,住宅竊盜,1040508,06~08,臺北市大同區斯文里大龍街89巷1~30號,['臺  北市  大同  區  斯文  里  大龍街  89  巷  1  ~  30  號'],morning
259,260,住宅竊盜,1040508,08~10,臺北市大安區車層里忠孝東路4段216巷19弄1~30號,['臺  北市  大安  區車  層里  忠孝  東路  4  段  216  巷  19  弄  1  ~  30  號'],morning
266,267,住宅竊盜,1040512,10~12,臺北市北投區開明里珠海路107巷1~30號,['臺  北  市北  投區  開  明里  珠海  路  107  巷  1  ~  30  號'],morning
271,272,住宅竊盜,1040514,10~12,臺北市內湖區康寧路3段245巷31~60號,['臺  北市  內  湖區  康寧路  3  段  245  巷  31  ~  60  號'],morning
273,274,住宅竊盜,1040515,06~08,臺北市萬華區中華路2段481~510號,['臺  北市  萬華區  中華路  2  段  481  ~  510  號'],morning
282,283,住宅竊盜,1040523,10~12,臺北市松山區南京東路5段291巷44弄1~30號,['臺  北市  松山  區  南京  東路  5  段  291  巷  44  弄  1  ~  30  號'],morning
283,284,住宅竊盜,1040523,10~12,臺北市松山區南京東路5段59巷28弄1~30號,['臺  北市  松山  區  南京  東路  5  段  59  巷  28  弄  1  ~  30  號'],morning
285,286,住宅竊盜,1040526,06~08,臺北市北投區洲美里洲美街81巷1~30號,['臺  北  市北  投區洲  美里洲  美街  81  巷  1  ~  30  號'],morning
288,289,住宅竊盜,1040528,06~08,臺北市文山區萬祥里興隆路1段70巷1~30號,['臺  北市  文山  區萬祥里  興隆路  1  段  70  巷  1  ~  30  號'],morning
292,293,住宅竊盜,1040530,10~12,臺北市松山區民生東路5段36巷6弄1~30號,['臺  北市  松山  區  民生  東路  5  段  36  巷  6  弄  1  ~  30  號'],morning
303,304,住宅竊盜,1040607,06~08,臺北市中山區中山北路2段65巷2弄1~30號,['臺  北市  中山  區  中山北路  2  段  65  巷  2  弄  1  ~  30  號'],morning
304,305,住宅竊盜,1040607,10~12,臺北市中山區農安街125巷1~30號,['臺  北市  中山  區農安街  125  巷  1  ~  30  號'],morning
306,307,住宅竊盜,1040608,06~08,臺北市中正區黎明里懷寧街61~90號,['臺  北市  中正  區  黎明  里  懷寧街  61  ~  90  號'],morning
307,308,住宅竊盜,1040608,08~10,臺北市中山區民權東路1段31~60號,['臺  北市  中山  區民權  東路  1  段  31  ~  60  號'],morning
312,313,住宅竊盜,1040612,10~12,臺北市信義區三張里莊敬路391~420號,['臺  北市  信義區  三  張里  莊敬路  391  ~  420  號'],morning
318,319,住宅竊盜,1040616,08~10,臺北市萬華區西藏路199巷1~30號,['臺  北市  萬華區  西藏路  199  巷  1  ~  30  號'],morning
321,322,住宅竊盜,1040619,08~10,臺北市文山區萬隆里羅斯福路5段241~270號,['臺  北市  文山  區萬隆  里羅斯福路  5  段  241  ~  270  號'],morning
322,323,住宅竊盜,1040619,08~10,臺北市中山區長安東路1段52巷9弄1~30號,['臺  北市  中山  區長  安東路  1  段  52  巷  9  弄  1  ~  30  號'],morning
324,325,住宅竊盜,1040620,06~08,臺北市松山區光復北路120巷121~150號,['臺  北市  松山  區光  復  北路  120  巷  121  ~  150  號'],morning
325,326,住宅竊盜,1040620,10~12,臺北市信義區富陽街44巷1~30號,['臺  北市  信義區  富陽街  44  巷  1  ~  30  號'],morning
326,327,住宅竊盜,1040621,10~12,臺北市士林區溪山里至善路3段1~30號,['臺  北市  士林  區溪  山里  至善路  3  段  1  ~  30  號'],morning
327,328,住宅竊盜,1040622,06~08,臺北市北投區八仙里承德路7段401巷331弄1~30號,['臺  北  市北  投區  八仙  里  承德路  7  段  401  巷  331  弄  1  ~  30  號'],morning
341,342,住宅竊盜,1040630,10~12,臺北市中山區民生東路2段121~150號,['臺  北市  中山  區  民生  東路  2  段  121  ~  150  號'],morning
344,345,住宅竊盜,1040701,08~10,臺北市中正區羅斯福路3段91~120號,['臺  北市  中正  區羅斯福路  3  段  91  ~  120  號'],morning
349,350,住宅竊盜,1040704,06~08,臺北市信義區永吉里松山路91~120號,['臺  北市  信義區  永吉  里  松山  路  91  ~  120  號'],morning
350,351,住宅竊盜,1040704,08~10,臺北市萬華區西園路1段256巷1~30號,['臺  北市  萬華區  西園  路  1  段  256  巷  1  ~  30  號'],morning
354,355,住宅竊盜,1040707,08~10,臺北市文山區樟文里辛亥路7段69巷1~30號,['臺  北市  文山  區樟文里  辛亥  路  7  段  69  巷  1  ~  30  號'],morning
356,357,住宅竊盜,1040708,10~12,臺北市文山區萬芳里萬美街1段19巷1~30號,['臺  北市  文山  區萬芳里  萬美街  1  段  19  巷  1  ~  30  號'],morning
362,363,住宅竊盜,1040714,08~10,臺北市萬華區環河南路2段35巷15弄1~30號,['臺  北市  萬華區環  河南  路  2  段  35  巷  15  弄  1  ~  30  號'],morning
363,364,住宅竊盜,1040715,10~12,臺北市萬華區昆明街211~240號,['臺  北市  萬華區  昆明街  211  ~  240  號'],morning
364,365,住宅竊盜,1040715,10~12,臺北市萬華區雙園街60巷31~60號,['臺  北市  萬華區  雙園  街  60  巷  31  ~  60  號'],morning
367,368,住宅竊盜,1040716,08~10,臺北市大安區光信里光復南路456巷1~30號,['臺  北市  大安  區光  信里光  復  南路  456  巷  1  ~  30  號'],morning
380,381,住宅竊盜,1040723,08~10,臺北市松山區南京東路5段23巷7弄1~30號,['臺  北市  松山  區  南京  東路  5  段  23  巷  7  弄  1  ~  30  號'],morning
382,383,住宅竊盜,1040725,10~12,臺北市松山區南京東路5段66巷1~30號,['臺  北市  松山  區  南京  東路  5  段  66  巷  1  ~  30  號'],morning
384,385,住宅竊盜,1040727,06~08,臺北市松山區健康路8巷1~30號,['臺  北市  松山  區  健康  路  8  巷  1  ~  30  號'],morning
385,386,住宅竊盜,1040727,06~08,臺北市松山區寶清街1~30號,['臺  北市  松山  區寶清  街  1  ~  30  號'],morning
387,388,住宅竊盜,1040729,10~12,臺北市松山區民權東路5段31~60號,['臺  北市  松山  區民權  東路  5  段  31  ~  60  號'],morning
393,394,住宅竊盜,1040731,08~10,臺北市中正區廈安里大埔街21巷1~30號,['臺  北市  中正  區廈  安里  大埔  街  21  巷  1  ~  30  號'],morning
394,395,住宅竊盜,1040731,10~12,臺北市松山區南京東路5段281巷1~30號,['臺  北市  松山  區  南京  東路  5  段  281  巷  1  ~  30  號'],morning
409,410,住宅竊盜,1040811,06~08,臺北市士林區社新里社子街61~90號,['臺  北市  士林  區社  新里  社子  街  61  ~  90  號'],morning
410,411,住宅竊盜,1040811,10~12,臺北市士林區臨溪里9鄰至善路2段342巷1~30號,['臺  北市  士林  區臨  溪里  9  鄰至  善路  2  段  342  巷  1  ~  30  號'],morning
411,412,住宅竊盜,1040812,08~10,臺北市大同區建明里華陰街72巷1~30號,['臺  北市  大同  區建  明里  華陰街  72  巷  1  ~  30  號'],morning
415,416,住宅竊盜,1040814,08~10,臺北市大安區錦安里麗水街31~60號,['臺  北市  大安  區錦安里麗  水街  31  ~  60  號'],morning
416,417,住宅竊盜,1040814,10~12,臺北市文山區木柵里7鄰木柵路3段85巷8弄1~30號,['臺  北市  文山  區木柵里  7  鄰木柵路  3  段  85  巷  8  弄  1  ~  30  號'],morning
418,419,住宅竊盜,1040815,06~08,臺北市信義區大道里林口街181~210號,['臺  北市  信義區  大道  里  林口  街  181  ~  210  號'],morning
419,420,住宅竊盜,1040815,08~10,臺北市大同區迪化街2段151~180號,['臺  北市  大同  區  迪化街  2  段  151  ~  180  號'],morning
428,429,住宅竊盜,1040818,06~08,臺北市南港區聯成里東新街77巷15弄1~30號,['臺  北市  南港  區聯成  里  東  新街  77  巷  15  弄  1  ~  30  號'],morning
430,431,住宅竊盜,1040819,08~10,臺北市北投區關渡里知行路292巷14弄1~30號,['臺  北  市北  投區  關渡  里  知  行路  292  巷  14  弄  1  ~  30  號'],morning
433,434,住宅竊盜,1040822,08~10,臺北市中山區樂群二路266巷91~120號,['臺  北市  中山  區樂群  二路  266  巷  91  ~  120  號'],morning
438,439,住宅竊盜,1040824,10~12,臺北市信義區六合里信義路5段150巷418弄1~30號,['臺  北市  信義區  六合  里  信義路  5  段  150  巷  418  弄  1  ~  30  號'],morning
440,441,住宅竊盜,1040825,10~12,臺北市中正區新營里金華街1~30號,['臺  北市  中正  區新  營里  金華街  1  ~  30  號'],morning
447,448,住宅竊盜,1040828,06~08,臺北市大安區華聲里光復南路72巷23弄1~30號,['臺  北市  大安  區華聲  里  光  復  南路  72  巷  23  弄  1  ~  30  號'],morning
451,452,住宅竊盜,1040829,08~10,臺北市中正區廈安里中華路2段175巷31~60號,['臺  北市  中正  區廈  安里  中華路  2  段  175  巷  31  ~  60  號'],morning
453,454,住宅竊盜,1040830,08~10,臺北市文山區明義里9鄰興隆路4段44巷1~30號,['臺  北市  文山  區明義里  9  鄰興  隆路  4  段  44  巷  1  ~  30  號'],morning
454,455,住宅竊盜,1040831,06~08,臺北市士林區葫蘆里延平北路5段231巷31~60號,['臺  北市  士林  區葫蘆  里  延平北路  5  段  231  巷  31  ~  60  號'],morning
455,456,住宅竊盜,1040831,10~12,臺北市信義區四育里虎林街30巷1~30號,['臺  北市  信義區  四育里  虎林  街  30  巷  1  ~  30  號'],morning
460,461,住宅竊盜,1040903,10~12,臺北市松山區民生東路5段138巷1~30號,['臺  北市  松山  區  民生  東路  5  段  138  巷  1  ~  30  號'],morning
474,475,住宅竊盜,1040910,10~12,臺北市士林區福順里重慶北路4段31~60號,['臺  北市  士林  區福  順里  重慶  北路  4  段  31  ~  60  號'],morning
476,477,住宅竊盜,1040911,06~08,臺北市萬華區環河南路3段151~180號,['臺  北市  萬華區環  河南  路  3  段  151  ~  180  號'],morning
478,479,住宅竊盜,1040912,08~10,臺北市文山區順興里18鄰恆光街17巷1~30號,['臺  北市  文山  區順  興里  18  鄰恆光  街  17  巷  1  ~  30  號'],morning
483,484,住宅竊盜,1040914,10~12,臺北市中山區合江街31~60號,['臺  北市  中山  區  合江  街  31  ~  60  號'],morning
485,486,住宅竊盜,1040915,10~12,臺北市北投區林泉里泉源路21巷1~30號,['臺  北  市北  投區  林泉里  泉源  路  21  巷  1  ~  30  號'],morning
495,496,住宅竊盜,1040920,10~12,臺北市南港區九如里研究院路2段182巷61~90號,['臺  北市  南港  區九如里  研究院  路  2  段  182  巷  61  ~  90  號'],morning
498,499,住宅竊盜,1040921,06~08,臺北市信義區六合里信義路5段150巷401弄1~30號,['臺  北市  信義區  六合  里  信義路  5  段  150  巷  401  弄  1  ~  30  號'],morning
501,502,住宅竊盜,1040922,10~12,臺北市北投區中庸里雙全街62巷1~30號,['臺  北  市北  投區  中庸  里  雙全  街  62  巷  1  ~  30  號'],morning
504,505,住宅竊盜,1040926,10~12,臺北市北投區立賢里承德路7段211~240號,['臺  北  市北  投區  立賢里  承德路  7  段  211  ~  240  號'],morning
505,506,住宅竊盜,1040926,10~12,臺北市大安區光武里22鄰復興南路1段107巷5弄1~30號,['臺  北市  大安  區光  武里  22  鄰  復  興  南路  1  段  107  巷  5  弄  1  ~  30  號'],morning
508,509,住宅竊盜,1040929,06~08,臺北市松山區三民路151~180號,['臺  北市  松山  區  三民路  151  ~  180  號'],morning
509,510,住宅竊盜,1040930,10~12,臺北市內湖區瑞光路258巷31~60號,['臺  北市  內  湖區  瑞光路  258  巷  31  ~  60  號'],morning
510,511,住宅竊盜,1040930,10~12,臺北市大安區虎嘯里敦化南路2段200巷14弄1~30號,['臺  北市  大安  區虎嘯里  敦化南路  2  段  200  巷  14  弄  1  ~  30  號'],morning
515,516,住宅竊盜,1041002,08~10,臺北市中山區民生西路45巷5弄1~30號,['臺  北市  中山  區  民生西路  45  巷  5  弄  1  ~  30  號'],morning
518,519,住宅竊盜,1041003,06~08,臺北市內湖區內湖路2段91~120號,['臺  北市  內  湖區  內  湖路  2  段  91  ~  120  號'],morning
519,520,住宅竊盜,1041003,08~10,臺北市萬華區西寧南路121~150號,['臺  北市  萬華區  西寧  南路  121  ~  150  號'],morning
520,521,住宅竊盜,1041003,10~12,臺北市萬華區環河南路2段130巷,['臺  北市  萬華區環  河南  路  2  段  130  巷'],morning
523,524,住宅竊盜,1041005,08~10,臺北市松山區民生東路5段137巷4弄1~30號,['臺  北市  松山  區  民生  東路  5  段  137  巷  4  弄  1  ~  30  號'],morning
525,526,住宅竊盜,1041006,08~10,臺北市萬華區西園路2段320巷36弄1~30號,['臺  北市  萬華區  西園  路  2  段  320  巷  36  弄  1  ~  30  號'],morning
535,536,住宅竊盜,1041013,08~10,臺北市松山區撫遠街403巷1~30號,['臺  北市  松山  區撫  遠街  403  巷  1  ~  30  號'],morning
536,537,住宅竊盜,1041013,08~10,臺北市文山區樟腳里9鄰恆光街30巷1~30號,['臺  北市  文山  區樟腳  里  9  鄰恆光  街  30  巷  1  ~  30  號'],morning
539,540,住宅竊盜,1041018,06~08,臺北市中正區忠勤里汀州路1段92巷1~30號,['臺  北市  中正  區忠勤  里  汀州  路  1  段  92  巷  1  ~  30  號'],morning
540,541,住宅竊盜,1041018,06~08,臺北市萬華區富福里大理街1~30號,['臺  北市  萬華區  富福里  大理  街  1  ~  30  號'],morning
544,545,住宅竊盜,1041020,08~10,臺北市萬華區中華路2段416巷61~90號,['臺  北市  萬華區  中華路  2  段  416  巷  61  ~  90  號'],morning
545,546,住宅竊盜,1041020,08~10,臺北市大同區延平里安西街91巷1~30號,['臺  北市  大同  區  延平  里安  西街  91  巷  1  ~  30  號'],morning
547,548,住宅竊盜,1041021,08~10,臺北市信義區三犁里03鄰松仁路253巷01弄1~30號,['臺  北市  信義區  三犁里  03  鄰  松仁  路  253  巷  01  弄  1  ~  30  號'],morning
550,551,住宅竊盜,1041023,08~10,臺北市松山區南京東路5段291巷5弄1~30號,['臺  北市  松山  區  南京  東路  5  段  291  巷  5  弄  1  ~  30  號'],morning
559,560,住宅竊盜,1041024,08~10,臺北市中正區南門里博愛路230巷1~30號,['臺  北市  中正  區南門  里  博愛路  230  巷  1  ~  30  號'],morning
560,561,住宅竊盜,1041026,10~12,臺北市南港區聯成里忠孝東路6段278巷22弄1~30號,['臺  北市  南港  區聯成  里  忠孝  東路  6  段  278  巷  22  弄  1  ~  30  號'],morning
565,566,住宅竊盜,1041029,06~08,臺北市松山區民生東路5段69巷1弄31~60號,['臺  北市  松山  區  民生  東路  5  段  69  巷  1  弄  31  ~  60  號'],morning
566,567,住宅竊盜,1041030,10~12,臺北市內湖區民權東路6段481~510號,['臺  北市  內  湖區民權  東路  6  段  481  ~  510  號'],morning
570,571,住宅竊盜,1041101,08~10,臺北市信義區和平東路3段631巷1~30號,['臺  北市  信義區  和平  東路  3  段  631  巷  1  ~  30  號'],morning
580,581,住宅竊盜,1041111,10~12,臺北市中山區南京東路3段48巷31~60號,['臺  北市  中山  區  南京  東路  3  段  48  巷  31  ~  60  號'],morning
584,585,住宅竊盜,1041113,10~12,臺北市內湖區康寧路3段165巷25弄1~30號,['臺  北市  內  湖區  康寧路  3  段  165  巷  25  弄  1  ~  30  號'],morning
589,590,住宅竊盜,1041116,08~10,臺北市大安區龍泉里雲和街91~120號,['臺  北市  大安  區龍泉  里  雲  和  街  91  ~  120  號'],morning
601,602,住宅竊盜,1041123,08~10,臺北市內湖區麗山街393巷1~30號,['臺  北市  內  湖區麗山  街  393  巷  1  ~  30  號'],morning
603,604,住宅竊盜,1041124,06~08,臺北市士林區東山里德行東路393巷1~30號,['臺  北市  士林  區東  山里  德行  東路  393  巷  1  ~  30  號'],morning
607,608,住宅竊盜,1041128,10~12,臺北市內湖區民權東路6段180巷55弄1~30號,['臺  北市  內  湖區民權  東路  6  段  180  巷  55  弄  1  ~  30  號'],morning
609,610,住宅竊盜,1041129,10~12,臺北市松山區南京東路4段52巷1~30號,['臺  北市  松山  區  南京  東路  4  段  52  巷  1  ~  30  號'],morning
612,613,住宅竊盜,1041130,10~12,臺北市文山區興得里興隆路3段112巷4弄1~30號,['臺  北市  文山  區興得  里  興隆路  3  段  112  巷  4  弄  1  ~  30  號'],morning
614,615,住宅竊盜,1041201,08~10,臺北市大同區揚雅里昌吉街61巷1~30號,['臺  北市  大同  區揚雅里  昌吉  街  61  巷  1  ~  30  號'],morning
616,617,住宅竊盜,1041202,08~10,臺北市中山區雙城街28巷1~30號,['臺  北市  中山  區雙  城街  28  巷  1  ~  30  號'],morning
618,619,住宅竊盜,1041203,06~08,臺北市北投區榮光里石牌路1段166巷61~90號,['臺  北  市北  投區  榮光里  石牌路  1  段  166  巷  61  ~  90  號'],morning
619,620,住宅竊盜,1041203,10~12,臺北市北投區湖山里湖底路1~30號,['臺  北  市北  投區  湖  山里  湖底  路  1  ~  30  號'],morning
621,622,住宅竊盜,1041204,10~12,臺北市大安區光信里仁愛路4段301~330號,['臺  北市  大安  區光  信里  仁愛路  4  段  301  ~  330  號'],morning
622,623,住宅竊盜,1041204,10~12,臺北市松山區南京東路5段361~390號,['臺  北市  松山  區  南京  東路  5  段  361  ~  390  號'],morning
624,625,住宅竊盜,1041206,08~10,臺北市士林區福順里4鄰重慶北路4段61~90號,['臺  北市  士林  區福  順里  4  鄰  重慶  北路  4  段  61  ~  90  號'],morning
628,629,住宅竊盜,1041208,08~10,臺北市大安區古風里泰順街1~30號,['臺  北市  大安  區古風里  泰順街  1  ~  30  號'],morning
630,631,住宅竊盜,1041209,08~10,臺北市中正區林興里羅斯福路3段121~150號,['臺  北市  中正  區林  興里羅斯福路  3  段  121  ~  150  號'],morning
633,634,住宅竊盜,1041211,08~10,臺北市大安區昌隆里忠孝東路3段211~240號,['臺  北市  大安  區昌隆里  忠孝  東路  3  段  211  ~  240  號'],morning
637,638,住宅竊盜,1041212,10~12,臺北市士林區社子里社正路45巷29弄1~30號,['臺  北市  士林  區  社子  里社  正路  45  巷  29  弄  1  ~  30  號'],morning
638,639,住宅竊盜,1041212,10~12,臺北市松山區八德路3段12巷53弄1~30號,['臺  北市  松山  區  八德  路  3  段  12  巷  53  弄  1  ~  30  號'],morning
642,643,住宅竊盜,1041215,06~08,臺北市中山區民權東路2段113巷1弄1~30號,['臺  北市  中山  區民權  東路  2  段  113  巷  1  弄  1  ~  30  號'],morning
647,648,住宅竊盜,1041219,08~10,臺北市中山區林森北路119巷1~30號,['臺  北市  中山  區  林森北路  119  巷  1  ~  30  號'],morning
650,651,住宅竊盜,1041220,10~12,臺北市北投區立農里立農街1段22巷2弄1~30號,['臺  北  市北  投區立  農里立  農街  1  段  22  巷  2  弄  1  ~  30  號'],morning
655,656,住宅竊盜,1041221,10~12,臺北市中正區網溪里同安街86巷1~30號,['臺  北市  中正  區網  溪里  同安  街  86  巷  1  ~  30  號'],morning
658,659,住宅竊盜,1041222,06~08,臺北市信義區中興里信義路4段361~390號,['臺  北市  信義區  中興里  信義路  4  段  361  ~  390  號'],morning
659,660,住宅竊盜,1041222,08~10,臺北市萬華區富民路91~120號,['臺  北市  萬華區  富民路  91  ~  120  號'],morning
660,661,住宅竊盜,1041222,08~10,臺北市萬華區富民路91~120號,['臺  北市  萬華區  富民路  91  ~  120  號'],morning
661,662,住宅竊盜,1041222,08~10,臺北市萬華區富民路91~120號,['臺  北市  萬華區  富民路  91  ~  120  號'],morning
662,663,住宅竊盜,1041222,10~12,臺北市萬華區富民路91~120號,['臺  北市  萬華區  富民路  91  ~  120  號'],morning
663,664,住宅竊盜,1041222,10~12,臺北市萬華區富民路91~120號,['臺  北市  萬華區  富民路  91  ~  120  號'],morning
667,668,住宅竊盜,1041223,06~08,臺北市萬華區長泰街1~30號,['臺  北市  萬華區  長  泰街  1  ~  30  號'],morning
671,672,住宅竊盜,1041224,10~12,臺北市北投區立賢里尊賢街241~270號,['臺  北  市北  投區  立賢里  尊賢街  241  ~  270  號'],morning
677,678,住宅竊盜,1041226,10~12,臺北市松山區塔悠路1~30號,['臺  北市  松山  區塔  悠路  1  ~  30  號'],morning
678,679,住宅竊盜,1041228,06~08,臺北市內湖區麗山街348巷10弄1~30號,['臺  北市  內  湖區麗山  街  348  巷  10  弄  1  ~  30  號'],morning
685,686,住宅竊盜,1041230,06~08,臺北市萬華區梧州街46巷10弄1~30號,['臺  北市  萬華區  梧州  街  46  巷  10  弄  1  ~  30  號'],morning
699,700,住宅竊盜,1050104,06~08,臺北市內湖區康樂街136巷29弄31~60號,['臺  北市  內  湖區  康樂街  136  巷  29  弄  31  ~  60  號'],morning
710,711,住宅竊盜,1050110,06~08,臺北市北投區奇岩里公館路85巷2弄1~30號,['臺  北  市北  投區  奇岩  里  公館  路  85  巷  2  弄  1  ~  30  號'],morning
711,712,住宅竊盜,1050110,06~08,臺北市文山區萬盛里萬盛街91~120號,['臺  北市  文山  區萬盛里  萬盛街  91  ~  120  號'],morning
717,718,住宅竊盜,1050112,06~08,臺北市士林區天和里天母東路91巷1~30號,['臺  北市  士林  區天  和  里  天母  東路  91  巷  1  ~  30  號'],morning
720,721,住宅竊盜,1050113,10~12,臺北市大同區至聖里民族西路187巷31~60號,['臺  北市  大同  區至  聖里  民族西路  187  巷  31  ~  60  號'],morning
724,725,住宅竊盜,1050115,08~10,臺北市南港區合成里忠孝東路6段61~90號,['臺  北市  南港  區  合成  里  忠孝  東路  6  段  61  ~  90  號'],morning
726,727,住宅竊盜,1050116,10~12,臺北市內湖區金湖路331~360號,['臺  北市  內  湖區  金湖路  331  ~  360  號'],morning
732,733,住宅竊盜,1050120,08~10,臺北市萬華區莒光路271~300號,['臺  北市  萬華區  莒光  路  271  ~  300  號'],morning
733,734,住宅竊盜,1050120,10~12,臺北市大安區義安里敦化南路2段81巷31~60號,['臺  北市  大安  區義安里  敦化南路  2  段  81  巷  31  ~  60  號'],morning
737,738,住宅竊盜,1050123,08~10,臺北市信義區雙和里吳興街284巷24弄61~90號,['臺  北市  信義區  雙和里  吳興街  284  巷  24  弄  61  ~  90  號'],morning
740,741,住宅竊盜,1050125,08~10,臺北市內湖區安康路434巷20弄1~30號,['臺  北市  內  湖區  安康路  434  巷  20  弄  1  ~  30  號'],morning
741,742,住宅竊盜,1050125,10~12,臺北市北投區中庸里雙全街62巷1~30號,['臺  北  市北  投區  中庸  里  雙全  街  62  巷  1  ~  30  號'],morning
742,743,住宅竊盜,1050125,10~12,臺北市中正區黎明里重慶南路1段1~30號,['臺  北市  中正  區  黎明  里  重慶  南路  1  段  1  ~  30  號'],morning
743,744,住宅竊盜,1050125,10~12,臺北市大安區黎和里和平東路3段416巷25弄1~30號,['臺  北市  大安  區黎  和  里  和平  東路  3  段  416  巷  25  弄  1  ~  30  號'],morning
744,745,住宅竊盜,1050126,08~10,臺北市士林區百齡里8鄰福港街259巷31~60號,['臺  北市  士林  區百齡  里  8  鄰福港  街  259  巷  31  ~  60  號'],morning
746,747,住宅竊盜,1050127,08~10,臺北市內湖區康樂街136巷29弄1~30號,['臺  北市  內  湖區  康樂街  136  巷  29  弄  1  ~  30  號'],morning
751,752,住宅竊盜,1050129,06~08,臺北市內湖區新明路380巷6弄1~30號,['臺  北市  內  湖區  新明路  380  巷  6  弄  1  ~  30  號'],morning
757,758,住宅竊盜,1050131,10~12,臺北市中山區民權東路3段61~90號,['臺  北市  中山  區民權  東路  3  段  61  ~  90  號'],morning
761,762,住宅竊盜,1050203,08~10,臺北市中山區新生北路3段87巷1~30號,['臺  北市  中山  區  新生北路  3  段  87  巷  1  ~  30  號'],morning
762,763,住宅竊盜,1050203,10~12,臺北市松山區南京東路5段389巷11弄1~30號,['臺  北市  松山  區  南京  東路  5  段  389  巷  11  弄  1  ~  30  號'],morning
765,766,住宅竊盜,1050205,08~10,臺北市中山區新生北路2段127巷31~60號,['臺  北市  中山  區  新生北路  2  段  127  巷  31  ~  60  號'],morning
767,768,住宅竊盜,1050207,08~10,臺北市中山區中山北路1段33巷1~30號,['臺  北市  中山  區  中山北路  1  段  33  巷  1  ~  30  號'],morning
770,771,住宅竊盜,1050209,10~12,臺北市內湖區成功路2段250巷1~30號,['臺  北市  內  湖區  成功  路  2  段  250  巷  1  ~  30  號'],morning
772,773,住宅竊盜,1050210,06~08,臺北市萬華區大理街160巷23弄1~30號,['臺  北市  萬華區  大理  街  160  巷  23  弄  1  ~  30  號'],morning
773,774,住宅竊盜,1050210,08~10,臺北市松山區精忠里民生東路4段55巷1~30號,['臺  北市  松山  區  精忠  里  民生  東路  4  段  55  巷  1  ~  30  號'],morning
776,777,住宅竊盜,1050211,10~12,臺北市中山區民生東路2段147巷5弄1~30號,['臺  北市  中山  區  民生  東路  2  段  147  巷  5  弄  1  ~  30  號'],morning
790,791,住宅竊盜,1050220,08~10,臺北市內湖區港富里18鄰內湖路1段737巷95~2號,['臺  北市  內  湖區  港富里  18  鄰內  湖路  1  段  737  巷  95  ~  2  號'],morning
792,793,住宅竊盜,1050221,08~10,臺北市萬華區萬大路277巷31~60號,['臺  北市  萬華區  萬  大路  277  巷  31  ~  60  號'],morning
793,794,住宅竊盜,1050222,10~12,臺北市萬華區萬大路486巷37弄1~30號,['臺  北市  萬華區  萬  大路  486  巷  37  弄  1  ~  30  號'],morning
794,795,住宅竊盜,1050223,06~08,臺北市中正區愛國里9鄰延平南路258巷1~30號,['臺  北市  中正  區愛國里  9  鄰  延平南路  258  巷  1  ~  30  號'],morning
798,799,住宅竊盜,1050225,10~12,臺北市文山區辛亥路6段31~60號,['臺  北市  文山  區  辛亥  路  6  段  31  ~  60  號'],morning
799,800,住宅竊盜,1050226,08~10,臺北市中正區文盛里羅斯福路3段316巷9弄1~30號,['臺  北市  中正  區文  盛里羅斯福路  3  段  316  巷  9  弄  1  ~  30  號'],morning
800,801,住宅竊盜,1050226,10~12,臺北市大安區正聲里仁愛路4段391~420號,['臺  北市  大安  區正聲  里  仁愛路  4  段  391  ~  420  號'],morning
805,806,住宅竊盜,1050301,10~12,臺北市松山區東新街54巷1~30號,['臺  北市  松山  區東  新街  54  巷  1  ~  30  號'],morning
808,809,住宅竊盜,1050303,08~10,臺北市北投區吉慶里承德路7段164巷1~30號,['臺  北  市北  投區  吉慶里  承德路  7  段  164  巷  1  ~  30  號'],morning
809,810,住宅竊盜,1050304,08~10,臺北市中山區民族東路31~60號,['臺  北市  中山  區  民族  東路  31  ~  60  號'],morning
813,814,住宅竊盜,1050306,10~12,臺北市中山區龍江路295巷1~30號,['臺  北市  中山  區龍江路  295  巷  1  ~  30  號'],morning
817,818,住宅竊盜,1050308,10~12,臺北市中正區南福里羅斯福路1段90巷1~30號,['臺  北市  中正  區南  福里羅斯福路  1  段  90  巷  1  ~  30  號'],morning
824,825,住宅竊盜,1050313,06~08,臺北市松山區南京東路5段251巷22弄31~60號,['臺  北市  松山  區  南京  東路  5  段  251  巷  22  弄  31  ~  60  號'],morning
831,832,住宅竊盜,1050316,08~10,臺北市士林區永福里莊頂路91~120號,['臺  北市  士林  區  永福  里  莊頂  路  91  ~  120  號'],morning
833,834,住宅竊盜,1050317,08~10,臺北市中正區南福里羅斯福路2段8巷14弄1~30號,['臺  北市  中正  區南  福里羅斯福路  2  段  8  巷  14  弄  1  ~  30  號'],morning
835,836,住宅竊盜,1050318,08~10,臺北市大安區群賢里和平東路2段301~330號,['臺  北市  大安  區群賢里  和平  東路  2  段  301  ~  330  號'],morning
839,840,住宅竊盜,1050321,10~12,臺北市士林區天母里天母北路87巷2弄1~30號,['臺  北市  士林  區  天母  里  天母  北路  87  巷  2  弄  1  ~  30  號'],morning
848,849,住宅竊盜,1050330,10~12,臺北市內湖區文德路22巷16弄1~30號,['臺  北市  內  湖區  文德路  22  巷  16  弄  1  ~  30  號'],morning
857,858,住宅竊盜,1050404,08~10,臺北市北投區中央里中央南路1段102巷1~30號,['臺  北  市北  投區  中央  里  中央  南路  1  段  102  巷  1  ~  30  號'],morning
861,862,住宅竊盜,1050407,08~10,臺北市文山區興旺里10鄰福興路4巷7弄1~30號,['臺  北市  文山  區興旺里  10  鄰福興路  4  巷  7  弄  1  ~  30  號'],morning
862,863,住宅竊盜,1050407,10~12,臺北市中正區南門里延平南路181~210號,['臺  北市  中正  區南門  里  延平南路  181  ~  210  號'],morning
875,876,住宅竊盜,1050414,08~10,臺北市文山區興業里興隆路2段181~210號,['臺  北市  文山  區興業  里  興隆路  2  段  181  ~  210  號'],morning
877,878,住宅竊盜,1050415,10~12,臺北市大安區光信里光復南路451~480號,['臺  北市  大安  區光  信里光  復  南路  451  ~  480  號'],morning
878,879,住宅竊盜,1050415,10~12,臺北市萬華區中華路2段416巷31~60號,['臺  北市  萬華區  中華路  2  段  416  巷  31  ~  60  號'],morning
879,880,住宅竊盜,1050415,10~12,臺北市大安區古風里師大路31~60號,['臺  北市  大安  區古  風里師  大路  31  ~  60  號'],morning
881,882,住宅竊盜,1050416,08~10,臺北市北投區湖山里紗帽路1~30號,['臺  北  市北  投區  湖  山里  紗帽路  1  ~  30  號'],morning
893,894,住宅竊盜,1050424,06~08,臺北市中正區頂東里晉江街124巷8弄1~30號,['臺  北市  中正  區頂  東里  晉江街  124  巷  8  弄  1  ~  30  號'],morning
894,895,住宅竊盜,1050424,08~10,臺北市南港區百福里福德街339巷5弄1~30號,['臺  北市  南港  區百福里  福德街  339  巷  5  弄  1  ~  30  號'],morning
897,898,住宅竊盜,1050425,10~12,臺北市萬華區環河南路2段271~300號,['臺  北市  萬華區環  河南  路  2  段  271  ~  300  號'],morning
898,899,住宅竊盜,1050425,10~12,臺北市大安區仁愛里大安路1段106巷1~30號,['臺  北市  大安  區仁愛里  大安  路  1  段  106  巷  1  ~  30  號'],morning
902,903,住宅竊盜,1050426,06~08,臺北市萬華區萬大路277巷31~60號,['臺  北市  萬華區  萬  大路  277  巷  31  ~  60  號'],morning
905,906,住宅竊盜,1050427,06~08,臺北市中山區林森北路119巷31~60號,['臺  北市  中山  區  林森北路  119  巷  31  ~  60  號'],morning
906,907,住宅竊盜,1050427,06~08,臺北市中正區水源里羅斯福路4段40巷6弄1~30號,['臺  北市  中正  區  水源  里羅斯福路  4  段  40  巷  6  弄  1  ~  30  號'],morning
907,908,住宅竊盜,1050427,08~10,臺北市內湖區行善路361~390號,['臺  北市  內  湖區  行善  路  361  ~  390  號'],morning
915,916,住宅竊盜,1050502,10~12,臺北市大同區朝陽里南京西路344巷31~60號,['臺  北市  大同  區朝陽里  南京  西路  344  巷  31  ~  60  號'],morning
920,921,住宅竊盜,1050508,06~08,臺北市大同區星明里太原路175巷1~30號,['臺  北市  大同  區星  明里  太原路  175  巷  1  ~  30  號'],morning
921,922,住宅竊盜,1050508,08~10,臺北市內湖區(安泰街31~60號,['臺  北市  內  湖區  (  安泰  街  31  ~  60  號'],morning
929,930,住宅竊盜,1050512,10~12,臺北市文山區忠順里014鄰興隆路4段145巷83弄1~30號,['臺  北市  文山  區忠  順里  014  鄰興  隆路  4  段  145  巷  83  弄  1  ~  30  號'],morning
931,932,住宅竊盜,1050513,08~10,臺北市中山區新生北路2段61~90號,['臺  北市  中山  區  新生北路  2  段  61  ~  90  號'],morning
938,939,住宅竊盜,1050515,10~12,臺北市中山區新生北路2段91~120號,['臺  北市  中山  區  新生北路  2  段  91  ~  120  號'],morning
944,945,住宅竊盜,1050521,06~08,臺北市中山區民權東路2段135巷1~30號,['臺  北市  中山  區民權  東路  2  段  135  巷  1  ~  30  號'],morning
945,946,住宅竊盜,1050522,06~08,臺北市南港區南港里興中路61~90號,['臺  北市  南港  區  南港  里興  中路  61  ~  90  號'],morning
946,947,住宅竊盜,1050522,08~10,臺北市大同區保安里哈密街59巷38弄31~60號,['臺  北市  大同  區  保安  里  哈密  街  59  巷  38  弄  31  ~  60  號'],morning
951,952,住宅竊盜,1050530,10~12,臺北市南港區鴻福里玉成街235巷23弄1~30號,['臺  北市  南港  區鴻福里  玉成  街  235  巷  23  弄  1  ~  30  號'],morning
959,960,住宅竊盜,1050604,10~12,臺北市松山區新中街6巷1~30號,['臺  北市  松山  區  新中街  6  巷  1  ~  30  號'],morning
960,961,住宅竊盜,1050605,08~10,臺北市士林區葫東里葫東街1~30號,['臺  北市  士林  區葫東里  葫東街  1  ~  30  號'],morning
964,965,住宅竊盜,1050606,08~10,臺北市士林區三玉里忠誠路2段76巷1~30號,['臺  北市  士林  區三玉里  忠誠路  2  段  76  巷  1  ~  30  號'],morning
965,966,住宅竊盜,1050606,10~12,臺北市士林區延平北路5段136巷31~60號,['臺  北市  士林  區  延平北路  5  段  136  巷  31  ~  60  號'],morning
967,968,住宅竊盜,1050609,08~10,臺北市內湖區康樂街136巷29弄31~60號,['臺  北市  內  湖區  康樂街  136  巷  29  弄  31  ~  60  號'],morning
971,972,住宅竊盜,1050611,10~12,臺北市中正區忠勤里惠安街31~60號,['臺  北市  中正  區忠勤  里  惠安  街  31  ~  60  號'],morning
979,980,住宅竊盜,1050615,06~08,臺北市大安區龍雲里大安路2段151~180號,['臺  北市  大安  區龍雲里  大安  路  2  段  151  ~  180  號'],morning
980,981,住宅竊盜,1050616,10~12,臺北市文山區博嘉里010鄰和平東路4段361~390號,['臺  北市  文山  區博  嘉里  010  鄰  和平  東路  4  段  361  ~  390  號'],morning
981,982,住宅竊盜,1050617,08~10,臺北市南港區南港里興中路28巷31~60號,['臺  北市  南港  區  南港  里興  中路  28  巷  31  ~  60  號'],morning
982,983,住宅竊盜,1050617,08~10,臺北市南港區中研里研究院路2段2巷12弄1~30號,['臺  北市  南港  區中  研里  研究院  路  2  段  2  巷  12  弄  1  ~  30  號'],morning
984,985,住宅竊盜,1050618,08~10,臺北市士林區福志里與農路49巷1~30號,['臺  北市  士林  區福志里  與  農路  49  巷  1  ~  30  號'],morning
986,987,住宅竊盜,1050619,08~10,臺北市文山區華興里002鄰試院路144巷4弄1~30號,['臺  北市  文山  區華興里  002  鄰試  院路  144  巷  4  弄  1  ~  30  號'],morning
993,994,住宅竊盜,1050623,08~10,臺北市大同區重慶北路3段271~300號,['臺  北市  大同  區重慶  北路  3  段  271  ~  300  號'],morning
994,995,住宅竊盜,1050623,08~10,臺北市士林區天母里中山北路7段190巷91~120號,['臺  北市  士林  區  天母  里  中山北路  7  段  190  巷  91  ~  120  號'],morning
997,998,住宅竊盜,1050625,06~08,臺北市內湖區行善路25巷40弄1~30號,['臺  北市  內  湖區  行善  路  25  巷  40  弄  1  ~  30  號'],morning
998,999,住宅竊盜,1050625,08~10,臺北市士林區聖山里忠誠路1段151~180號,['臺  北市  士林  區聖  山里  忠誠路  1  段  151  ~  180  號'],morning
999,1000,住宅竊盜,1050625,10~12,臺北市大安區敦安里信義路4段181~210號,['臺  北市  大安  區敦安里  信義路  4  段  181  ~  210  號'],morning
1012,1013,住宅竊盜,1050702,08~10,臺北市內湖區(東湖路113巷1~30號,['臺  北市  內  湖區  (  東湖路  113  巷  1  ~  30  號'],morning
1015,1016,住宅竊盜,1050704,10~12,臺北市萬華區長順街91~120號,['臺  北市  萬華區  長  順街  91  ~  120  號'],morning
1016,1017,住宅竊盜,1050704,10~12,臺北市北投區大興街24巷5弄1~30號,['臺  北  市北  投區  大興街  24  巷  5  弄  1  ~  30  號'],morning
1017,1018,住宅竊盜,1050704,10~12,臺北市萬華區長順街,['臺  北市  萬華區  長  順街'],morning
1019,1020,住宅竊盜,1050705,06~08,臺北市內湖區民權東路6段90巷15弄1~30號,['臺  北市  內  湖區民權  東路  6  段  90  巷  15  弄  1  ~  30  號'],morning
1020,1021,住宅竊盜,1050705,08~10,臺北市士林區蘭興里克強路10巷9弄1~30號,['臺  北市  士林  區蘭興  里克  強路  10  巷  9  弄  1  ~  30  號'],morning
1021,1022,住宅竊盜,1050705,08~10,臺北市北投區湖田里竹子湖路1~30號,['臺  北  市北  投區  湖  田里  竹子湖  路  1  ~  30  號'],morning
1022,1023,住宅竊盜,1050705,08~10,臺北市北投區湖田里竹子湖路1~30號,['臺  北  市北  投區  湖  田里  竹子湖  路  1  ~  30  號'],morning
1026,1027,住宅竊盜,1050706,06~08,臺北市中山區龍江路391~420號,['臺  北市  中山  區龍江路  391  ~  420  號'],morning
1027,1028,住宅竊盜,1050706,08~10,臺北市士林區天和里中山北路7段190巷31~60號,['臺  北市  士林  區天  和  里  中山北路  7  段  190  巷  31  ~  60  號'],morning
1030,1031,住宅竊盜,1050709,10~12,臺北市大同區朝陽里天水路31~60號,['臺  北市  大同  區朝陽里  天  水路  31  ~  60  號'],morning
1031,1032,住宅竊盜,1050710,10~12,臺北市松山區敦化北路222巷1~30號,['臺  北市  松山  區  敦化北路  222  巷  1  ~  30  號'],morning
1032,1033,住宅竊盜,1050710,10~12,臺北市松山區健康路391~420號,['臺  北市  松山  區  健康  路  391  ~  420  號'],morning
1042,1043,住宅竊盜,1050717,10~12,臺北市中山區中山北路3段55巷1~30號,['臺  北市  中山  區  中山北路  3  段  55  巷  1  ~  30  號'],morning
1049,1050,住宅竊盜,1050722,08~10,臺北市內湖區(潭美街211~240號,['臺  北市  內  湖區  (  潭  美街  211  ~  240  號'],morning
1058,1059,住宅竊盜,1050728,08~10,臺北市南港區成福里成福路121巷1~30號,['臺  北市  南港  區  成福  里  成福  路  121  巷  1  ~  30  號'],morning
1065,1066,住宅竊盜,1050801,10~12,臺北市北投區公館路209巷38弄1~30號,['臺  北  市北  投區  公館  路  209  巷  38  弄  1  ~  30  號'],morning
1068,1069,住宅竊盜,1050802,06~08,臺北市士林區天玉里5鄰天母北路1~30號,['臺  北市  士林  區天玉里  5  鄰  天母  北路  1  ~  30  號'],morning
1069,1070,住宅竊盜,1050802,06~08,臺北市中山區撫順街1~30號,['臺  北市  中山  區撫  順街  1  ~  30  號'],morning
1070,1071,住宅竊盜,1050805,06~08,臺北市信義區三犁里松勤街140巷1~30號,['臺  北市  信義區  三犁里  松勤  街  140  巷  1  ~  30  號'],morning
1077,1078,住宅竊盜,1050809,06~08,臺北市信義區景聯里基隆路2段79巷1~30號,['臺  北市  信義區  景聯里  基隆  路  2  段  79  巷  1  ~  30  號'],morning
1089,1090,住宅竊盜,1050815,10~12,臺北市中山區合江街91~120號,['臺  北市  中山  區  合江  街  91  ~  120  號'],morning
1096,1097,住宅竊盜,1050819,06~08,臺北市內湖區東湖里康樂街48巷1~30號,['臺  北市  內  湖區  東  湖里  康樂街  48  巷  1  ~  30  號'],morning
1103,1104,住宅竊盜,1050823,08~10,臺北市南港區中研里研究院路2段70巷17弄1~30號,['臺  北市  南港  區中  研里  研究院  路  2  段  70  巷  17  弄  1  ~  30  號'],morning
1105,1106,住宅竊盜,1050824,06~08,臺北市士林區翠山里中社路1段11巷91~120號,['臺  北市  士林  區翠  山里  中  社路  1  段  11  巷  91  ~  120  號'],morning
1108,1109,住宅竊盜,1050826,06~08,臺北市內湖區明湖里4鄰康寧路3段165巷23弄1~30號,['臺  北市  內  湖區明  湖里  4  鄰康寧路  3  段  165  巷  23  弄  1  ~  30  號'],morning
1113,1114,住宅竊盜,1050828,08~10,臺北市信義區正和里仁愛路4段511~540號,['臺  北市  信義區  正  和  里  仁愛路  4  段  511  ~  540  號'],morning
1124,1125,住宅竊盜,1050901,06~08,臺北市南港區九如里研究院路3段68巷1~30號,['臺  北市  南港  區九如里  研究院  路  3  段  68  巷  1  ~  30  號'],morning
1125,1126,住宅竊盜,1050901,08~10,臺北市大安區民輝里新生南路1段103巷1~30號,['臺  北市  大安  區民輝  里  新生南路  1  段  103  巷  1  ~  30  號'],morning
1127,1128,住宅竊盜,1050902,08~10,臺北市南港區百福里福德街339巷1弄1~30號,['臺  北市  南港  區百福里  福德街  339  巷  1  弄  1  ~  30  號'],morning
1128,1129,住宅竊盜,1050902,08~10,臺北市文山區木柵里018鄰秀明路1段61~90號,['臺  北市  文山  區木柵里  018  鄰秀  明路  1  段  61  ~  90  號'],morning
1132,1133,住宅竊盜,1050904,10~12,臺北市內湖區五分里23鄰康寧路3段265巷31~60號,['臺  北市  內  湖區  五分  里  23  鄰康寧路  3  段  265  巷  31  ~  60  號'],morning
1135,1136,住宅竊盜,1050908,10~12,臺北市北投區致遠二路5巷1~30號,['臺  北  市北  投區  致遠  二路  5  巷  1  ~  30  號'],morning
1140,1141,住宅竊盜,1050914,08~10,臺北市文山區景美里萬慶街31~60號,['臺  北市  文山  區  景美  里  萬慶街  31  ~  60  號'],morning
1147,1148,住宅竊盜,1050918,10~12,臺北市信義區大道里大道路61~90號,['臺  北市  信義區  大道  里  大  道路  61  ~  90  號'],morning
1150,1151,住宅竊盜,1050919,08~10,臺北市信義區長春里虎林街104巷140弄1~30號,['臺  北市  信義區  長  春里  虎林  街  104  巷  140  弄  1  ~  30  號'],morning
1163,1164,住宅竊盜,1050923,10~12,臺北市大安區誠安里安東街1~30號,['臺  北市  大安  區誠安  里安  東街  1  ~  30  號'],morning
1164,1165,住宅竊盜,1050924,08~10,臺北市信義區信義路1段151~180號,['臺  北市  信義區  信義路  1  段  151  ~  180  號'],morning
1166,1167,住宅竊盜,1050925,10~12,臺北市松山區光復南路58巷1~30號,['臺  北市  松山  區光  復  南路  58  巷  1  ~  30  號'],morning
1169,1170,住宅竊盜,1050928,10~12,臺北市大安區通安里信義路4段241~270號,['臺  北市  大安  區通安里  信義路  4  段  241  ~  270  號'],morning
1171,1172,住宅竊盜,1050929,10~12,臺北市北投區建民里文林北路94巷5弄1~30號,['臺  北  市北  投區  建民里  文林  北路  94  巷  5  弄  1  ~  30  號'],morning
1175,1176,住宅竊盜,1051002,06~08,臺北市南港區舊莊里舊莊街2段151~180號,['臺  北市  南港  區舊  莊里  舊  莊街  2  段  151  ~  180  號'],morning
1176,1177,住宅竊盜,1051002,08~10,臺北市南港區鴻福里玉成街241~270號,['臺  北市  南港  區鴻福里  玉成  街  241  ~  270  號'],morning
1182,1183,住宅竊盜,1051006,06~08,臺北市內湖區金瑞里5鄰內湖路3段187巷31~60號,['臺  北市  內  湖區  金瑞里  5  鄰內  湖路  3  段  187  巷  31  ~  60  號'],morning
1184,1185,住宅竊盜,1051007,10~12,臺北市松山區新東街20巷1~30號,['臺  北市  松山  區新  東街  20  巷  1  ~  30  號'],morning
1185,1186,住宅竊盜,1051007,10~12,臺北市萬華區廣州街181~210號,['臺  北市  萬華區  廣州  街  181  ~  210  號'],morning
1190,1191,住宅竊盜,1051009,08~10,臺北市中山區民族東路391~420號,['臺  北市  中山  區  民族  東路  391  ~  420  號'],morning
1192,1193,住宅竊盜,1051011,06~08,臺北市信義區四育里虎林街30巷1~30號,['臺  北市  信義區  四育里  虎林  街  30  巷  1  ~  30  號'],morning
1193,1194,住宅竊盜,1051011,08~10,臺北市中正區文盛里汀州路3段91~120號,['臺  北市  中正  區文盛里  汀州  路  3  段  91  ~  120  號'],morning
1194,1195,住宅竊盜,1051011,10~12,臺北市萬華區青年路1~30號,['臺  北市  萬華區  青年  路  1  ~  30  號'],morning
1195,1196,住宅竊盜,1051012,10~12,臺北市萬華區康定路25巷35弄1~30號,['臺  北市  萬華區  康定路  25  巷  35  弄  1  ~  30  號'],morning
1196,1197,住宅竊盜,1051014,08~10,臺北市北投區東華里致遠三路61~90號,['臺  北  市北  投區  東華里  致遠  三路  61  ~  90  號'],morning
1198,1199,住宅竊盜,1051015,10~12,臺北市內湖區康樂街48巷1~30號,['臺  北市  內  湖區  康樂街  48  巷  1  ~  30  號'],morning
1202,1203,住宅竊盜,1051017,08~10,臺北市士林區福華里承德路4段40巷31~60號,['臺  北市  士林  區福華里  承德路  4  段  40  巷  31  ~  60  號'],morning
1203,1204,住宅竊盜,1051017,10~12,臺北市萬華區和平西路3段302巷3弄31~60號,['臺  北市  萬華區  和平西路  3  段  302  巷  3  弄  31  ~  60  號'],morning
1207,1208,住宅竊盜,1051018,10~12,臺北市大安區光信里信義路4段265巷21弄1~30號,['臺  北市  大安  區光  信里  信義路  4  段  265  巷  21  弄  1  ~  30  號'],morning
1213,1214,住宅竊盜,1051021,10~12,臺北市士林區天和里14鄰中山北路7段114巷31~60號,['臺  北市  士林  區天  和  里  14  鄰  中山北路  7  段  114  巷  31  ~  60  號'],morning
1214,1215,住宅竊盜,1051021,10~12,臺北市中山區北安路630巷25弄1~30號,['臺  北市  中山  區  北安路  630  巷  25  弄  1  ~  30  號'],morning
1217,1218,住宅竊盜,1051023,06~08,臺北市松山區八德路5段601~630號,['臺  北市  松山  區  八德  路  5  段  601  ~  630  號'],morning
1218,1219,住宅竊盜,1051023,10~12,臺北市士林區福華里18鄰通河街325巷1~30號,['臺  北市  士林  區福華里  18  鄰  通河  街  325  巷  1  ~  30  號'],morning
1227,1228,住宅竊盜,1051028,06~08,臺北市士林區社新里8鄰社子街63巷1~30號,['臺  北市  士林  區社  新里  8  鄰  社子  街  63  巷  1  ~  30  號'],morning
1228,1229,住宅竊盜,1051028,10~12,臺北市大安區龍泉里師大路39巷1~30號,['臺  北市  大安  區龍泉里師  大路  39  巷  1  ~  30  號'],morning
1229,1230,住宅竊盜,1051028,10~12,臺北市大安區光信里信義路4段265巷21弄1~30號,['臺  北市  大安  區光  信里  信義路  4  段  265  巷  21  弄  1  ~  30  號'],morning
1237,1238,住宅竊盜,1051031,08~10,臺北市松山區光復北路11巷91~120號,['臺  北市  松山  區光  復  北路  11  巷  91  ~  120  號'],morning
1238,1239,住宅竊盜,1051031,10~12,臺北市中正區林興里水源路33巷1~30號,['臺  北市  中正  區林興里  水源路  33  巷  1  ~  30  號'],morning
1242,1243,住宅竊盜,1051101,08~10,臺北市內湖區康樂街72巷17弄1~30號,['臺  北市  內  湖區  康樂街  72  巷  17  弄  1  ~  30  號'],morning
1243,1244,住宅竊盜,1051101,10~12,臺北市中正區南福里羅斯福路2段61~90號,['臺  北市  中正  區南  福里羅斯福路  2  段  61  ~  90  號'],morning
1244,1245,住宅竊盜,1051101,10~12,臺北市北投區尊賢里尊賢街230巷1~30號,['臺  北  市北  投區  尊賢里  尊賢街  230  巷  1  ~  30  號'],morning
1246,1247,住宅竊盜,1051104,10~12,臺北市北投區智仁里中和街525巷8弄1~30號,['臺  北  市北  投區  智仁里  中  和  街  525  巷  8  弄  1  ~  30  號'],morning
1249,1250,住宅竊盜,1051105,10~12,臺北市士林區聖山里芝玉路211~240號,['臺  北市  士林  區聖  山里  芝玉路  211  ~  240  號'],morning
1251,1252,住宅竊盜,1051106,06~08,臺北市松山區撫遠街369巷1~30號,['臺  北市  松山  區撫  遠街  369  巷  1  ~  30  號'],morning
1252,1253,住宅竊盜,1051106,10~12,臺北市松山區八德路2段437巷10弄1~30號,['臺  北市  松山  區  八德  路  2  段  437  巷  10  弄  1  ~  30  號'],morning
1259,1260,住宅竊盜,1051110,06~08,臺北市大安區民輝里新生南路1段97巷31~60號,['臺  北市  大安  區民輝  里  新生南路  1  段  97  巷  31  ~  60  號'],morning
1266,1267,住宅竊盜,1051113,10~12,臺北市中正區富水里思源街1~30號,['臺  北市  中正  區  富水  里  思源  街  1  ~  30  號'],morning
1267,1268,住宅竊盜,1051113,10~12,臺北市文山區萬盛里萬盛街91~120號,['臺  北市  文山  區萬盛里  萬盛街  91  ~  120  號'],morning
1273,1274,住宅竊盜,1051118,10~12,臺北市松山區撫遠街369巷1~30號,['臺  北市  松山  區撫  遠街  369  巷  1  ~  30  號'],morning
1276,1277,住宅竊盜,1051120,08~10,臺北市中山區龍江路394巷1~30號,['臺  北市  中山  區龍江路  394  巷  1  ~  30  號'],morning
1281,1282,住宅竊盜,1051122,06~08,臺北市內湖區康樂街72巷17弄151~180號,['臺  北市  內  湖區  康樂街  72  巷  17  弄  151  ~  180  號'],morning
1286,1287,住宅竊盜,1051124,08~10,臺北市大同區光能里赤峰街12巷1~30號,['臺  北市  大同  區光能  里  赤峰  街  12  巷  1  ~  30  號'],morning
1287,1288,住宅竊盜,1051124,10~12,臺北市松山區松河街1~30號,['臺  北市  松山  區松  河街  1  ~  30  號'],morning
1292,1293,住宅竊盜,1051127,08~10,臺北市北投區桃源里中央北路3段40巷31~60號,['臺  北  市北  投區  桃源  里  中央  北路  3  段  40  巷  31  ~  60  號'],morning
1294,1295,住宅竊盜,1051128,08~10,臺北市萬華區德昌街154巷1~30號,['臺  北市  萬華區  德昌  街  154  巷  1  ~  30  號'],morning
1295,1296,住宅竊盜,1051128,10~12,臺北市松山區南京東路5段66巷22弄1~30號,['臺  北市  松山  區  南京  東路  5  段  66  巷  22  弄  1  ~  30  號'],morning
1298,1299,住宅竊盜,1051129,06~08,臺北市萬華區富福里中華路2段1~30號,['臺  北市  萬華區  富福里  中華路  2  段  1  ~  30  號'],morning
1301,1302,住宅竊盜,1051201,06~08,臺北市大同區建明里重慶北路1段1~30號,['臺  北市  大同  區建  明里  重慶  北路  1  段  1  ~  30  號'],morning
1302,1303,住宅竊盜,1051201,08~10,臺北市中山區新生北路2段61~90號,['臺  北市  中山  區  新生北路  2  段  61  ~  90  號'],morning
1307,1308,住宅竊盜,1051204,08~10,臺北市松山區撫遠街255巷1~30號,['臺  北市  松山  區撫  遠街  255  巷  1  ~  30  號'],morning
1312,1313,住宅竊盜,1051207,10~12,臺北市內湖區內湖路1段359巷1~30號,['臺  北市  內  湖區  內  湖路  1  段  359  巷  1  ~  30  號'],morning
1325,1326,住宅竊盜,1051217,08~10,臺北市內湖區民權東路6段151~180號,['臺  北市  內  湖區民權  東路  6  段  151  ~  180  號'],morning
1329,1330,住宅竊盜,1051220,06~08,臺北市內湖區民權東路六段190巷1~30號,['臺  北市  內  湖區民權  東路  六段  190  巷  1  ~  30  號'],morning
1338,1339,住宅竊盜,1051225,10~12,臺北市士林區天玉里天母北路1~30號,['臺  北市  士林  區天玉里  天母  北路  1  ~  30  號'],morning
1339,1340,住宅竊盜,1051225,10~12,臺北市萬華區萬大路486巷10弄1~30號,['臺  北市  萬華區  萬  大路  486  巷  10  弄  1  ~  30  號'],morning
1342,1343,住宅竊盜,1051226,08~10,臺北市中山區中山北路1段121巷1~30號,['臺  北市  中山  區  中山北路  1  段  121  巷  1  ~  30  號'],morning
1349,1350,住宅竊盜,1051230,08~10,臺北市文山區興業里1鄰興隆路2段154巷1~30號,['臺  北市  文山  區興業  里  1  鄰興  隆路  2  段  154  巷  1  ~  30  號'],morning
1359,1360,住宅竊盜,1060104,06~08,臺北市南港區中南里忠孝東路7段631~660號,['臺  北市  南港  區  中南  里  忠孝  東路  7  段  631  ~  660  號'],morning
1377,1378,住宅竊盜,1060117,06~08,臺北市中正區南福里羅斯福路1段58巷17弄1~30號,['臺  北市  中正  區南  福里羅斯福路  1  段  58  巷  17  弄  1  ~  30  號'],morning
1378,1379,住宅竊盜,1060117,08~10,臺北市大安區車層里忠孝東路4段216巷27弄1~30號,['臺  北市  大安  區車  層里  忠孝  東路  4  段  216  巷  27  弄  1  ~  30  號'],morning
1383,1384,住宅竊盜,1060121,08~10,臺北市文山區萬年里羅斯福路5段212巷1~30號,['臺  北市  文山  區萬年  里羅斯福路  5  段  212  巷  1  ~  30  號'],morning
1403,1404,住宅竊盜,1060202,08~10,臺北市中正區永功里汀州路1段271~300號,['臺  北市  中正  區永功  里  汀州  路  1  段  271  ~  300  號'],morning
1413,1414,住宅竊盜,1060208,06~08,臺北市文山區萬美里010鄰萬美街1段91~120號,['臺  北市  文山  區萬美里  010  鄰萬美街  1  段  91  ~  120  號'],morning
1414,1415,住宅竊盜,1060208,06~08,臺北市中山區安東街16巷31~60號,['臺  北市  中山  區安東  街  16  巷  31  ~  60  號'],morning
1415,1416,住宅竊盜,1060208,08~10,臺北市中山區民權東路3段75巷2弄1~30號,['臺  北市  中山  區民權  東路  3  段  75  巷  2  弄  1  ~  30  號'],morning
1416,1417,住宅竊盜,1060208,08~10,臺北市大安區和安里建國南路1段301~330號,['臺  北市  大安  區和安里  建國  南路  1  段  301  ~  330  號'],morning
1418,1419,住宅竊盜,1060209,06~08,臺北市中正區忠勤里中華路2段315巷4弄1~30號,['臺  北市  中正  區忠勤  里  中華路  2  段  315  巷  4  弄  1  ~  30  號'],morning
1419,1420,住宅竊盜,1060210,08~10,臺北市萬華區萬大路187巷1弄1~30號,['臺  北市  萬華區  萬  大路  187  巷  1  弄  1  ~  30  號'],morning
1420,1421,住宅竊盜,1060210,08~10,臺北市中山區建國北路3段91~120號,['臺  北市  中山  區建國  北路  3  段  91  ~  120  號'],morning
1421,1422,住宅竊盜,1060211,10~12,臺北市中正區南福里重慶南路3段1~30號,['臺  北市  中正  區南福里  重慶  南路  3  段  1  ~  30  號'],morning
1428,1429,住宅竊盜,1060216,06~08,臺北市大同區星明里民生西路178巷1~30號,['臺  北市  大同  區星  明里  民生西路  178  巷  1  ~  30  號'],morning
1432,1433,住宅竊盜,1060221,06~08,臺北市文山區木柵路5段61~90號,['臺  北市  文山  區木柵路  5  段  61  ~  90  號'],morning
1443,1444,住宅竊盜,1060225,10~12,臺北市內湖區安康路226巷1~30號,['臺  北市  內  湖區  安康路  226  巷  1  ~  30  號'],morning
1449,1450,住宅竊盜,1060301,10~12,臺北市萬華區成都路76巷1~30號,['臺  北市  萬華區  成都路  76  巷  1  ~  30  號'],morning
1460,1461,住宅竊盜,1060313,10~12,臺北市內湖區內湖路2段253巷2弄1~30號,['臺  北市  內  湖區  內  湖路  2  段  253  巷  2  弄  1  ~  30  號'],morning
1462,1463,住宅竊盜,1060314,10~12,臺北市士林區永倫里永平街75巷31~60號,['臺  北市  士林  區永倫里  永平  街  75  巷  31  ~  60  號'],morning
1463,1464,住宅竊盜,1060315,08~10,臺北市萬華區峨眉街91~120號,['臺  北市  萬華區  峨眉  街  91  ~  120  號'],morning
1466,1467,住宅竊盜,1060316,10~12,臺北市大安區群英里四維路170巷31~60號,['臺  北市  大安  區  群英  里  四維路  170  巷  31  ~  60  號'],morning
1470,1471,住宅竊盜,1060318,10~12,臺北市北投區奇岩里公?路340巷1~30號,['臺  北  市北  投區  奇岩  里公  ?  路  340  巷  1  ~  30  號'],morning
1471,1472,住宅竊盜,1060319,06~08,臺北市士林區名山里1鄰至誠路1段301~330號,['臺  北市  士林  區  名山  里  1  鄰至  誠路  1  段  301  ~  330  號'],morning
1472,1473,住宅竊盜,1060320,06~08,臺北市中山區林森北路91~120號,['臺  北市  中山  區  林森北路  91  ~  120  號'],morning
1473,1474,住宅竊盜,1060320,10~12,臺北市信義區長春里虎林街108巷31~60號,['臺  北市  信義區  長  春里  虎林  街  108  巷  31  ~  60  號'],morning
1476,1477,住宅竊盜,1060321,10~12,臺北市松山區三民路74巷1~30號,['臺  北市  松山  區  三民路  74  巷  1  ~  30  號'],morning
1479,1480,住宅竊盜,1060322,10~12,臺北市松山區健康路325巷25弄1~30號,['臺  北市  松山  區  健康  路  325  巷  25  弄  1  ~  30  號'],morning
1480,1481,住宅竊盜,1060322,10~12,臺北市松山區健康路325巷25弄1~30號,['臺  北市  松山  區  健康  路  325  巷  25  弄  1  ~  30  號'],morning
1481,1482,住宅竊盜,1060323,06~08,臺北市北投區立農里吉利街257巷5弄1~30號,['臺  北  市北  投區立  農里  吉利  街  257  巷  5  弄  1  ~  30  號'],morning
1484,1485,住宅竊盜,1060325,08~10,臺北市內湖區內湖路3段59巷7弄1~30號,['臺  北市  內  湖區  內  湖路  3  段  59  巷  7  弄  1  ~  30  號'],morning
1485,1486,住宅竊盜,1060326,06~08,臺北市內湖區內湖路2段179巷63弄1~30號,['臺  北市  內  湖區  內  湖路  2  段  179  巷  63  弄  1  ~  30  號'],morning
1486,1487,住宅竊盜,1060326,10~12,臺北市士林區社新里4鄰延平北路6段121~150號,['臺  北市  士林  區社  新里  4  鄰  延平北路  6  段  121  ~  150  號'],morning
1490,1491,住宅竊盜,1060328,08~10,臺北市大同區鄰江里迪化街2段296巷1~30號,['臺  北市  大同  區鄰  江里  迪化街  2  段  296  巷  1  ~  30  號'],morning
1501,1502,住宅竊盜,1060405,10~12,臺北市松山區新東街51巷1~30號,['臺  北市  松山  區新  東街  51  巷  1  ~  30  號'],morning
1503,1504,住宅竊盜,1060406,08~10,臺北市大安區華聲里光復南路180巷31~60號,['臺  北市  大安  區華聲  里  光  復  南路  180  巷  31  ~  60  號'],morning
1506,1507,住宅竊盜,1060409,06~08,臺北市北投區清江里清江路1~30號,['臺  北  市北  投區  清江  里  清江  路  1  ~  30  號'],morning
1508,1509,住宅竊盜,1060410,06~08,臺北市北投區稻香里新興路121~150號,['臺  北  市北  投區  稻香  里  新興路  121  ~  150  號'],morning
1510,1511,住宅竊盜,1060412,06~08,臺北市士林區陽明里中庸一路1~30號,['臺  北市  士林  區陽  明里  中庸  一路  1  ~  30  號'],morning
1521,1522,住宅竊盜,1060418,08~10,臺北市中山區新生北路2段137巷31~60號,['臺  北市  中山  區  新生北路  2  段  137  巷  31  ~  60  號'],morning
1525,1526,住宅竊盜,1060420,08~10,臺北市大同區建功里重慶北路1段1~30號,['臺  北市  大同  區  建功  里  重慶  北路  1  段  1  ~  30  號'],morning
1526,1527,住宅竊盜,1060420,08~10,臺北市大同區建功里重慶北路1段1~30號,['臺  北市  大同  區  建功  里  重慶  北路  1  段  1  ~  30  號'],morning
1527,1528,住宅竊盜,1060420,10~12,臺北市內湖區星雲街33巷27弄1~30號,['臺  北市  內  湖區  星雲街  33  巷  27  弄  1  ~  30  號'],morning
1531,1532,住宅竊盜,1060422,08~10,臺北市南港區成福里成福路121巷56弄1~30號,['臺  北市  南港  區  成福  里  成福  路  121  巷  56  弄  1  ~  30  號'],morning
1542,1543,住宅竊盜,1060426,06~08,臺北市北投區立賢里尊賢街239巷1~30號,['臺  北  市北  投區  立賢里  尊賢街  239  巷  1  ~  30  號'],morning
1543,1544,住宅竊盜,1060426,10~12,臺北市士林區舊佳里前街125巷1~30號,['臺  北市  士林  區舊  佳里  前  街  125  巷  1  ~  30  號'],morning
1546,1547,住宅竊盜,1060427,10~12,臺北市士林區富洲里延平北路8段181~210號,['臺  北市  士林  區富洲  里  延平北路  8  段  181  ~  210  號'],morning
1553,1554,住宅竊盜,1060501,10~12,臺北市松山區復興南路1段31~60號,['臺  北市  松山  區  復  興  南路  1  段  31  ~  60  號'],morning
1555,1556,住宅竊盜,1060502,06~08,臺北市內湖區碧山里內湖路3段60巷12弄1~30號,['臺  北市  內  湖區  碧  山里  內  湖路  3  段  60  巷  12  弄  1  ~  30  號'],morning
1556,1557,住宅竊盜,1060502,10~12,臺北市大同區玉泉里忠孝西路2段1~30號,['臺  北市  大同  區  玉泉  里  忠孝西路  2  段  1  ~  30  號'],morning
1569,1570,住宅竊盜,1060508,10~12,臺北市中正區頂東里晉江街124巷1~30號,['臺  北市  中正  區頂  東里  晉江街  124  巷  1  ~  30  號'],morning
1570,1571,住宅竊盜,1060509,10~12,臺北市大安區虎嘯里敦化南路2段151~180號,['臺  北市  大安  區虎嘯里  敦化南路  2  段  151  ~  180  號'],morning
1572,1573,住宅竊盜,1060510,08~10,臺北市信義區景新里吳興街91~120號,['臺  北市  信義區  景新里  吳興街  91  ~  120  號'],morning
1574,1575,住宅竊盜,1060511,10~12,臺北市大同區長安西路301~330號,['臺  北市  大同  區長  安西  路  301  ~  330  號'],morning
1582,1583,住宅竊盜,1060515,06~08,臺北市士林區延平北路8段80巷51弄1~30號,['臺  北市  士林  區  延平北路  8  段  80  巷  51  弄  1  ~  30  號'],morning
1587,1588,住宅竊盜,1060517,06~08,臺北市南港區重陽里重陽路211~240號,['臺  北市  南港  區重陽里  重陽路  211  ~  240  號'],morning
1588,1589,住宅竊盜,1060517,10~12,臺北市中正區螢雪里9鄰汀洲路2段6巷1~30號,['臺  北市  中正  區螢  雪里  9  鄰  汀洲  路  2  段  6  巷  1  ~  30  號'],morning
1590,1591,住宅竊盜,1060518,10~12,臺北市萬華區長沙街2段121~150號,['臺  北市  萬華區  長  沙街  2  段  121  ~  150  號'],morning
1593,1594,住宅竊盜,1060519,08~10,臺北市士林區名山里中山北路6段2巷31~60號,['臺  北市  士林  區  名山  里  中山北路  6  段  2  巷  31  ~  60  號'],morning
1603,1604,住宅竊盜,1060524,08~10,臺北市中山區民生東路3段9巷1~30號,['臺  北市  中山  區  民生  東路  3  段  9  巷  1  ~  30  號'],morning
1604,1605,住宅竊盜,1060525,08~10,臺北市文山區試院里006鄰和興路53巷2弄1~30號,['臺  北市  文山  區試  院里  006  鄰  和  興路  53  巷  2  弄  1  ~  30  號'],morning
1609,1610,住宅竊盜,1060530,10~12,臺北市中山區建國北路2段258巷1~30號,['臺  北市  中山  區建國  北路  2  段  258  巷  1  ~  30  號'],morning
1611,1612,住宅竊盜,1060531,06~08,臺北市萬華區西園路320巷36弄1~30號,['臺  北市  萬華區  西園  路  320  巷  36  弄  1  ~  30  號'],morning
1613,1614,住宅竊盜,1060601,06~08,臺北市南港區玉成街201巷1~30號,['臺  北市  南港  區  玉成  街  201  巷  1  ~  30  號'],morning
1616,1617,住宅竊盜,1060602,08~10,臺北市大同區至聖里大龍街271~300號,['臺  北市  大同  區至  聖里  大龍街  271  ~  300  號'],morning
1619,1620,住宅竊盜,1060603,08~10,臺北市中正區南門里延平南路181~210號,['臺  北市  中正  區南門  里  延平南路  181  ~  210  號'],morning
1621,1622,住宅竊盜,1060606,08~10,臺北市士林區蘭雅里5鄰士東路120巷22弄1~30號,['臺  北市  士林  區蘭雅里  5  鄰士  東路  120  巷  22  弄  1  ~  30  號'],morning
1622,1623,住宅竊盜,1060606,08~10,臺北市士林區天祿里士東路89巷16弄1~30號,['臺  北市  士林  區天祿里士  東路  89  巷  16  弄  1  ~  30  號'],morning
1625,1626,住宅竊盜,1060607,10~12,臺北市南港區南港路3段16巷1弄1~30號,['臺  北市  南港  區  南港路  3  段  16  巷  1  弄  1  ~  30  號'],morning
1629,1630,住宅竊盜,1060610,06~08,臺北市中正區富水里思源街1~30號,['臺  北市  中正  區  富水  里  思源  街  1  ~  30  號'],morning
1633,1634,住宅竊盜,1060615,06~08,臺北市信義區忠孝東路4段553巷16弄1~30號,['臺  北市  信義區  忠孝  東路  4  段  553  巷  16  弄  1  ~  30  號'],morning
1636,1637,住宅竊盜,1060617,06~08,臺北市中山區中山北路2段59巷44弄1~30號,['臺  北市  中山  區  中山北路  2  段  59  巷  44  弄  1  ~  30  號'],morning
1638,1639,住宅竊盜,1060619,06~08,臺北市大安區錦安里潮州街91~120號,['臺  北市  大安  區錦安里  潮州  街  91  ~  120  號'],morning
1639,1640,住宅竊盜,1060619,06~08,臺北市信義區安康里松仁路121~150號,['臺  北市  信義區  安康  里  松仁  路  121  ~  150  號'],morning
1645,1646,住宅竊盜,1060621,08~10,臺北市大同區星明里重慶北路2段97巷31~60號,['臺  北市  大同  區星  明里  重慶  北路  2  段  97  巷  31  ~  60  號'],morning
1646,1647,住宅竊盜,1060621,10~12,臺北市北投區一德里中央北路4段481~510號,['臺  北  市北  投區  一  德里  中央  北路  4  段  481  ~  510  號'],morning
1651,1652,住宅竊盜,1060624,06~08,臺北市北投區福興里自強街5巷137弄1~30號,['臺  北  市北  投區  福興里  自強  街  5  巷  137  弄  1  ~  30  號'],morning
1661,1662,住宅竊盜,1060630,06~08,臺北市松山區南京東路3段303巷7弄1~30號,['臺  北市  松山  區  南京  東路  3  段  303  巷  7  弄  1  ~  30  號'],morning
1662,1663,住宅竊盜,1060630,10~12,臺北市內湖區安康路93巷4弄1~30號,['臺  北市  內  湖區  安康路  93  巷  4  弄  1  ~  30  號'],morning
1671,1672,住宅竊盜,1060707,10~12,臺北市南港區百福里福德街309巷31~60號,['臺  北市  南港  區百福里  福德街  309  巷  31  ~  60  號'],morning
1675,1676,住宅竊盜,1060710,10~12,臺北市北投區中央里中央南路1段196巷1~30號,['臺  北  市北  投區  中央  里  中央  南路  1  段  196  巷  1  ~  30  號'],morning
1678,1679,住宅竊盜,1060712,10~12,臺北市大安區龍坡里溫州街18巷1~30號,['臺  北市  大安  區龍坡  里  溫州  街  18  巷  1  ~  30  號'],morning
1687,1688,住宅竊盜,1060717,08~10,臺北市內湖區環山路1段59巷10弄1~30號,['臺  北市  內  湖區環  山路  1  段  59  巷  10  弄  1  ~  30  號'],morning
1688,1689,住宅竊盜,1060717,08~10,臺北市南港區合成里21鄰忠孝東路6段269巷2弄1~30號,['臺  北市  南港  區  合成  里  21  鄰  忠孝  東路  6  段  269  巷  2  弄  1  ~  30  號'],morning
1689,1690,住宅竊盜,1060717,08~10,臺北市大安區福住里永康街23巷45弄1~30號,['臺  北市  大安  區福住  里  永康  街  23  巷  45  弄  1  ~  30  號'],morning
1690,1691,住宅竊盜,1060717,08~10,臺北市北投區榮華里榮華二路1~30號,['臺  北  市北  投區  榮華里  榮華  二路  1  ~  30  號'],morning
1691,1692,住宅竊盜,1060717,10~12,臺北市內湖區江南街121~150號,['臺  北市  內  湖區  江南  街  121  ~  150  號'],morning
1695,1696,住宅竊盜,1060721,10~12,臺北市士林區前港里3鄰後港街181~210號,['臺  北市  士林  區前  港里  3  鄰後港  街  181  ~  210  號'],morning
1699,1700,住宅竊盜,1060723,08~10,臺北市萬華區大理街160巷19弄1~30號,['臺  北市  萬華區  大理  街  160  巷  19  弄  1  ~  30  號'],morning
1700,1701,住宅竊盜,1060725,10~12,臺北市信義區永春里松山路287巷1~30號,['臺  北市  信義區  永春  里  松山  路  287  巷  1  ~  30  號'],morning
1705,1706,住宅竊盜,1060727,10~12,臺北市士林區菁山里永公路500巷臨70號,['臺  北市  士林  區菁  山里  永  公路  500  巷臨  70  號'],morning
1707,1708,住宅竊盜,1060728,06~08,臺北市中正區光復里開封街1段106巷1~30號,['臺  北市  中正  區光  復  里  開封街  1  段  106  巷  1  ~  30  號'],morning
1711,1712,住宅竊盜,1060802,06~08,臺北市松山區八德路4段601~630號,['臺  北市  松山  區  八德  路  4  段  601  ~  630  號'],morning
1712,1713,住宅竊盜,1060804,06~08,臺北市北投區中心里中和街1~30號,['臺  北  市北  投區  中  心里  中  和  街  1  ~  30  號'],morning
1715,1716,住宅竊盜,1060806,06~08,臺北市內湖區民權東路6段206巷91~120號,['臺  北市  內  湖區民權  東路  6  段  206  巷  91  ~  120  號'],morning
1716,1717,住宅竊盜,1060807,10~12,臺北市大安區民炤里仁愛路3段24巷1~30號,['臺  北市  大安  區民炤里  仁愛路  3  段  24  巷  1  ~  30  號'],morning
1717,1718,住宅竊盜,1060807,10~12,臺北市中正區河堤里金門街1~30號,['臺  北市  中正  區  河堤  里  金門  街  1  ~  30  號'],morning
1725,1726,住宅竊盜,1060811,08~10,臺北市中山區南京東路3段89巷15弄2之1~30號,['臺  北市  中山  區  南京  東路  3  段  89  巷  15  弄  2  之  1  ~  30  號'],morning
1729,1730,住宅竊盜,1060814,06~08,臺北市文山區萬興里017鄰指南路2段45巷24弄1~30號,['臺  北市  文山  區萬興里  017  鄰  指南  路  2  段  45  巷  24  弄  1  ~  30  號'],morning
1737,1738,住宅竊盜,1060818,10~12,臺北市中山區北安路825之1~30號,['臺  北市  中山  區  北安路  825  之  1  ~  30  號'],morning
1749,1750,住宅竊盜,1060827,10~12,臺北市士林區天祿里3鄰士東路91巷26弄1~30號,['臺  北市  士林  區天祿  里  3  鄰士  東路  91  巷  26  弄  1  ~  30  號'],morning
1750,1751,住宅竊盜,1060830,08~10,臺北市大安區住安里復興南路2段1~30號,['臺  北市  大安  區住  安里  復  興  南路  2  段  1  ~  30  號'],morning
1763,1764,住宅竊盜,1060906,08~10,臺北市信義區正和里光復南路421~450號,['臺  北市  信義區  正  和  里  光  復  南路  421  ~  450  號'],morning
1772,1773,住宅竊盜,1060913,10~12,臺北市大安區大安路1段31巷1~30號,['臺  北市  大安  區  大安  路  1  段  31  巷  1  ~  30  號'],morning
1777,1778,住宅竊盜,1060918,10~12,臺北市萬華區莒光路300巷6弄1~30號,['臺  北市  萬華區  莒光  路  300  巷  6  弄  1  ~  30  號'],morning
1788,1789,住宅竊盜,1060928,10~12,臺北市中山區德惠街167巷1~30號,['臺  北市  中山  區  德惠  街  167  巷  1  ~  30  號'],morning
1791,1792,住宅竊盜,1061001,08~10,臺北市中正區忠勤里中華路2段315巷1~30號,['臺  北市  中正  區忠勤  里  中華路  2  段  315  巷  1  ~  30  號'],morning
1793,1794,住宅竊盜,1061002,08~10,臺北市大安區群英里和平東路3段1巷26弄1~30號,['臺  北市  大安  區  群英  里  和平  東路  3  段  1  巷  26  弄  1  ~  30  號'],morning
1797,1798,住宅竊盜,1061004,06~08,臺北市萬華區武成街63巷12弄1~30號,['臺  北市  萬華區  武成  街  63  巷  12  弄  1  ~  30  號'],morning
1798,1799,住宅竊盜,1061004,08~10,臺北市信義區永吉里永吉路443巷11弄1~30號,['臺  北市  信義區  永吉  里  永吉  路  443  巷  11  弄  1  ~  30  號'],morning
1799,1800,住宅竊盜,1061004,10~12,臺北市萬華區大理街61~90號,['臺  北市  萬華區  大理  街  61  ~  90  號'],morning
1800,1801,住宅竊盜,1061004,10~12,臺北市信義區永吉里永吉路459巷7弄1~30號,['臺  北市  信義區  永吉  里  永吉  路  459  巷  7  弄  1  ~  30  號'],morning
1809,1810,住宅竊盜,1061011,06~08,臺北市信義區林口街31~60號,['臺  北市  信義區  林口  街  31  ~  60  號'],morning
1810,1811,住宅竊盜,1061011,06~08,臺北市中正區螢雪里重慶南路3段146巷1~30號,['臺  北市  中正  區螢  雪里  重慶  南路  3  段  146  巷  1  ~  30  號'],morning
1815,1816,住宅竊盜,1061015,06~08,臺北市南港區興華路91~120號,['臺  北市  南港  區興華路  91  ~  120  號'],morning
1818,1819,住宅竊盜,1061017,08~10,臺北市南港區九如里研究院路3段68巷1~30號,['臺  北市  南港  區九如里  研究院  路  3  段  68  巷  1  ~  30  號'],morning
1824,1825,住宅竊盜,1061018,08~10,臺北市內湖區安康路391~420號,['臺  北市  內  湖區  安康路  391  ~  420  號'],morning
1825,1826,住宅竊盜,1061019,08~10,臺北市中山區中山北路3段31~60號,['臺  北市  中山  區  中山北路  3  段  31  ~  60  號'],morning
1829,1830,住宅竊盜,1061023,06~08,臺北市中山區南京東路2段21巷31~60號,['臺  北市  中山  區  南京  東路  2  段  21  巷  31  ~  60  號'],morning
1832,1833,住宅竊盜,1061026,06~08,臺北市信義區松友里信義路6段76巷2弄91~120號,['臺  北市  信義區  松友里  信義路  6  段  76  巷  2  弄  91  ~  120  號'],morning
1839,1840,住宅竊盜,1061104,08~10,臺北市大同區大龍街89巷1~30號,['臺  北市  大同  區大龍  街  89  巷  1  ~  30  號'],morning
1845,1846,住宅竊盜,1061107,08~10,臺北市北投區中央里光明路2巷1~30號,['臺  北  市北  投區  中央  里  光明  路  2  巷  1  ~  30  號'],morning
1846,1847,住宅竊盜,1061107,10~12,臺北市文山區華興里002鄰試院路144巷4弄1~30號,['臺  北市  文山  區華興里  002  鄰試  院路  144  巷  4  弄  1  ~  30  號'],morning
1848,1849,住宅竊盜,1061110,08~10,臺北市大安區信義路3段31~60號,['臺  北市  大安  區信義路  3  段  31  ~  60  號'],morning
1850,1851,住宅竊盜,1061113,10~12,臺北市士林區三玉里忠誠路2段1~30號,['臺  北市  士林  區三玉里  忠誠路  2  段  1  ~  30  號'],morning
1851,1852,住宅竊盜,1061113,10~12,臺北市大同區建功里重慶北路1段83巷4弄31~60號,['臺  北市  大同  區  建功  里  重慶  北路  1  段  83  巷  4  弄  31  ~  60  號'],morning
1852,1853,住宅竊盜,1061115,08~10,臺北市內湖區內湖路1段47巷8弄31~60號,['臺  北市  內  湖區  內  湖路  1  段  47  巷  8  弄  31  ~  60  號'],morning
1858,1859,住宅竊盜,1061117,06~08,臺北市大安區住安里信義路4段61~90號,['臺  北市  大安  區住  安里  信義路  4  段  61  ~  90  號'],morning
1864,1865,住宅竊盜,1061121,10~12,臺北市南港區成福路臨298號,['臺  北市  南港  區  成福  路臨  298  號'],morning
1865,1866,住宅竊盜,1061121,10~12,臺北市南港區中南里中南街42巷31~60號,['臺  北市  南港  區  中南  里  中  南街  42  巷  31  ~  60  號'],morning
1869,1870,住宅竊盜,1061125,10~12,臺北市北投區石牌里致遠一路1段61~90號,['臺  北  市北  投區  石牌  里  致遠  一路  1  段  61  ~  90  號'],morning
1872,1873,住宅竊盜,1061127,10~12,臺北市中山區新生北路2段41巷31~60號,['臺  北市  中山  區  新生北路  2  段  41  巷  31  ~  60  號'],morning
1879,1880,住宅竊盜,1061201,06~08,臺北市內湖區康寧路1段47巷1~30號,['臺  北市  內  湖區  康寧路  1  段  47  巷  1  ~  30  號'],morning
1880,1881,住宅竊盜,1061201,08~10,臺北市中正區新營里寧波東街9段1~30號,['臺  北市  中正  區新  營里  寧波  東街  9  段  1  ~  30  號'],morning
1884,1885,住宅竊盜,1061207,08~10,臺北市士林區社子里社正路1~30號,['臺  北市  士林  區  社子  里社  正路  1  ~  30  號'],morning
1886,1887,住宅竊盜,1061212,08~10,臺北市北投區榮光里致遠一路2段31~60號,['臺  北  市北  投區  榮光里  致遠  一路  2  段  31  ~  60  號'],morning
1887,1888,住宅竊盜,1061213,10~12,臺北市文山區興泰里辛亥路4段222巷19弄1~30號,['臺  北市  文山  區興泰里  辛亥  路  4  段  222  巷  19  弄  1  ~  30  號'],morning
1889,1890,住宅竊盜,1061214,10~12,臺北市大同區華亭街31~60號,['臺  北市  大同  區華亭  街  31  ~  60  號'],morning
1897,1898,住宅竊盜,1061221,10~12,臺北市內湖區新明路380巷6弄1~30號,['臺  北市  內  湖區  新明路  380  巷  6  弄  1  ~  30  號'],morning
1902,1903,住宅竊盜,1061228,08~10,臺北市大安區群賢里四維路208巷1~30號,['臺  北市  大安  區群賢里  四維路  208  巷  1  ~  30  號'],morning
1908,1909,住宅竊盜,1061231,06~08,臺北市文山區順興里013鄰木新路3段1~30號,['臺  北市  文山  區順  興里  013  鄰木  新路  3  段  1  ~  30  號'],morning
1909,1910,住宅竊盜,1061231,10~12,臺北市中山區南京東路2段1~30號,['臺  北市  中山  區  南京  東路  2  段  1  ~  30  號'],morning
1912,1913,住宅竊盜,1070102,08~10,臺北市中山區中山北路2段77巷1~30號,['臺  北市  中山  區  中山北路  2  段  77  巷  1  ~  30  號'],morning
1913,1914,住宅竊盜,1070103,06~08,臺北市中正區林興里水源路25巷1~30號,['臺  北市  中正  區林興里  水源路  25  巷  1  ~  30  號'],morning
1914,1915,住宅竊盜,1070103,08~10,臺北市中正區新生南路1段1~30號,['臺  北市  中正  區  新生南路  1  段  1  ~  30  號'],morning
1915,1916,住宅竊盜,1070103,08~10,臺北市萬華區東園街85巷2弄1~30號,['臺  北市  萬華區  東園  街  85  巷  2  弄  1  ~  30  號'],morning
1924,1925,住宅竊盜,1070111,10~12,臺北市士林區葫東里延平北路5段224巷31~60號,['臺  北市  士林  區葫東里  延平北路  5  段  224  巷  31  ~  60  號'],morning
1926,1927,住宅竊盜,1070115,08~10,臺北市中山區新生北路2段41巷31~60號,['臺  北市  中山  區  新生北路  2  段  41  巷  31  ~  60  號'],morning
1936,1937,住宅竊盜,1070122,08~10,臺北市內湖區西康里21鄰內湖路1段217巷1~30號,['臺  北市  內  湖區  西康  里  21  鄰內  湖路  1  段  217  巷  1  ~  30  號'],morning
1937,1938,住宅竊盜,1070123,10~12,臺北市內湖區成功路4段331~360號,['臺  北市  內  湖區  成功  路  4  段  331  ~  360  號'],morning
1943,1944,住宅竊盜,1070201,08~10,臺北市文山區忠順里016鄰忠順街2段61~90號,['臺  北市  文山  區忠  順里  016  鄰忠  順街  2  段  61  ~  90  號'],morning
1947,1948,住宅竊盜,1070205,08~10,臺北市中正區螢雪里詔安街31~60號,['臺  北市  中正  區螢  雪里  詔安街  31  ~  60  號'],morning
1948,1949,住宅竊盜,1070206,08~10,臺北市北投區林泉里新民路31~60號,['臺  北  市北  投區  林泉里  新民路  31  ~  60  號'],morning
1950,1951,住宅竊盜,1070208,06~08,臺北市萬華區西寧南路241~270號,['臺  北市  萬華區  西寧  南路  241  ~  270  號'],morning
1951,1952,住宅竊盜,1070209,10~12,臺北市萬華區大理街160巷23弄31~60號,['臺  北市  萬華區  大理  街  160  巷  23  弄  31  ~  60  號'],morning
1952,1953,住宅竊盜,1070209,10~12,臺北市大安區誠安里忠孝東路3段251巷12弄1~30號,['臺  北市  大安  區誠安里  忠孝  東路  3  段  251  巷  12  弄  1  ~  30  號'],morning
1955,1956,住宅竊盜,1070211,06~08,臺北市北投區泉源里登山路121~150號,['臺  北  市北  投區  泉源  里  登山  路  121  ~  150  號'],morning
1956,1957,住宅竊盜,1070211,06~08,臺北市中正區忠勤里中華路2段313巷31~60號,['臺  北市  中正  區忠勤  里  中華路  2  段  313  巷  31  ~  60  號'],morning
1958,1959,住宅竊盜,1070213,08~10,臺北市中山區中山北路2段65巷1~30號,['臺  北市  中山  區  中山北路  2  段  65  巷  1  ~  30  號'],morning
1964,1965,住宅竊盜,1070217,06~08,臺北市大安區建安里敦化南路1段151~180號,['臺  北市  大安  區  建安  里  敦化南路  1  段  151  ~  180  號'],morning
1967,1968,住宅竊盜,1070218,10~12,臺北市南港區忠孝東路6段91~120號,['臺  北市  南港  區  忠孝  東路  6  段  91  ~  120  號'],morning
1975,1976,住宅竊盜,1070301,08~10,臺北市中正區汀州路140巷31~60號,['臺  北市  中正  區  汀州  路  140  巷  31  ~  60  號'],morning
1976,1977,住宅竊盜,1070301,10~12,臺北市松山區光復南路13巷1~30號,['臺  北市  松山  區光  復  南路  13  巷  1  ~  30  號'],morning
1981,1982,住宅竊盜,1070304,06~08,臺北市南港區重陽路166巷1~30號,['臺  北市  南港  區重陽路  166  巷  1  ~  30  號'],morning
1983,1984,住宅竊盜,1070305,10~12,臺北市士林區福中里福港街91~120號,['臺  北市  士林  區福  中里  福港  街  91  ~  120  號'],morning
1990,1991,住宅竊盜,1070312,10~12,臺北市信義區吳興街600巷76弄91~120號,['臺  北市  信義區  吳興街  600  巷  76  弄  91  ~  120  號'],morning
1991,1992,住宅竊盜,1070312,10~12,臺北市大安區大學里新生南路3段70巷2弄1~30號,['臺  北市  大安  區大學里  新生南路  3  段  70  巷  2  弄  1  ~  30  號'],morning
1994,1995,住宅竊盜,1070313,08~10,臺北市大安區學府里基隆路3段155巷91~120號,['臺  北市  大安  區學府  里  基隆  路  3  段  155  巷  91  ~  120  號'],morning
1995,1996,住宅竊盜,1070313,08~10,臺北市文山區木新里031鄰木新路2段121~150號,['臺  北市  文山  區木新里  031  鄰木  新路  2  段  121  ~  150  號'],morning
1999,2000,住宅竊盜,1070315,08~10,臺北市信義區基隆路2段1~30號,['臺  北市  信義區  基隆  路  2  段  1  ~  30  號'],morning
2000,2001,住宅竊盜,1070315,10~12,臺北市萬華區艋舺大道86巷7弄1~30號,['臺  北市  萬華區  艋  舺  大道  86  巷  7  弄  1  ~  30  號'],morning
2006,2007,住宅竊盜,1070319,08~10,臺北市萬華區長泰街139巷,['臺  北市  萬華區  長  泰街  139  巷'],morning
2012,2013,住宅竊盜,1070325,08~10,臺北市大安區法治里樂利路111巷1~30號,['臺  北市  大安  區  法治  里樂利路  111  巷  1  ~  30  號'],morning
2018,2019,住宅竊盜,1070403,10~12,臺北市南港區研究院路3段161巷1~30號,['臺  北市  南港  區  研究院  路  3  段  161  巷  1  ~  30  號'],morning
2019,2020,住宅竊盜,1070405,10~12,臺北市文山區萬美里009鄰萬安街21巷1~30號,['臺  北市  文山  區萬美里  009  鄰萬安街  21  巷  1  ~  30  號'],morning
2020,2021,住宅竊盜,1070405,10~12,臺北市萬華區東園街66巷7弄1~30號,['臺  北市  萬華區  東園  街  66  巷  7  弄  1  ~  30  號'],morning
2021,2022,住宅竊盜,1070406,08~10,臺北市北投區永和里行義路186巷26弄1~30號,['臺  北  市北  投區  永和  里  行義路  186  巷  26  弄  1  ~  30  號'],morning
2022,2023,住宅竊盜,1070409,10~12,臺北市中山區新生北路2段133巷1~30號,['臺  北市  中山  區  新生北路  2  段  133  巷  1  ~  30  號'],morning
2023,2024,住宅竊盜,1070409,10~12,臺北市士林區後港里24鄰通河東街2段1~30號,['臺  北市  士林  區後港  里  24  鄰  通河  東街  2  段  1  ~  30  號'],morning
2028,2029,住宅竊盜,1070416,08~10,臺北市南港區九如里研究院路3段161巷臨22號,['臺  北市  南港  區九如里  研究院  路  3  段  161  巷臨  22  號'],morning
2034,2035,住宅竊盜,1070420,10~12,臺北市文山區明義里005鄰木柵路2段168巷1~30號,['臺  北市  文山  區明義里  005  鄰木柵路  2  段  168  巷  1  ~  30  號'],morning
2036,2037,住宅竊盜,1070423,10~12,臺北市中山區農安街241~270號,['臺  北市  中山  區農安街  241  ~  270  號'],morning
2037,2038,住宅竊盜,1070423,10~12,臺北市大同區太原路11巷1~30號,['臺  北市  大同  區  太原路  11  巷  1  ~  30  號'],morning
2038,2039,住宅竊盜,1070424,10~12,臺北市文山區萬年里公館街61巷1~30號,['臺  北市  文山  區萬年  里  公館  街  61  巷  1  ~  30  號'],morning
2044,2045,住宅竊盜,1070426,10~12,臺北市中正區梅花里忠孝東路2段39巷2弄1~30號,['臺  北市  中正  區  梅花  里  忠孝  東路  2  段  39  巷  2  弄  1  ~  30  號'],morning
2046,2047,住宅竊盜,1070428,08~10,臺北市信義區六合里信義路5段150巷400弄1~30號,['臺  北市  信義區  六合  里  信義路  5  段  150  巷  400  弄  1  ~  30  號'],morning
2047,2048,住宅竊盜,1070430,10~12,臺北市南港區研究院路2段70巷31~60號,['臺  北市  南港  區  研究院  路  2  段  70  巷  31  ~  60  號'],morning
2049,2050,住宅竊盜,1070501,08~10,臺北市南港區舊莊里舊莊街1段31~60號,['臺  北市  南港  區舊  莊里  舊  莊街  1  段  31  ~  60  號'],morning
2051,2052,住宅竊盜,1070503,10~12,臺北市南港區南港里東南街1~30號,['臺  北市  南港  區  南港  里東  南街  1  ~  30  號'],morning
2055,2056,住宅竊盜,1070507,10~12,臺北市萬華區中華路1段181~210號,['臺  北市  萬華區  中華路  1  段  181  ~  210  號'],morning
2059,2060,住宅竊盜,1070509,10~12,臺北市北投區一德里學園路1~30號,['臺  北  市北  投區  一  德里  學園  路  1  ~  30  號'],morning
2066,2067,住宅竊盜,1070513,10~12,臺北市士林區富洲里延平北路8段151~180號,['臺  北市  士林  區富洲  里  延平北路  8  段  151  ~  180  號'],morning
2078,2079,住宅竊盜,1070525,10~12,臺北市中正區三愛里仁愛路2段98巷1~30號,['臺  北市  中正  區三愛里  仁愛路  2  段  98  巷  1  ~  30  號'],morning
2081,2082,住宅竊盜,1070527,08~10,臺北市大安區敦煌里安和路1段127巷29弄1~30號,['臺  北市  大安  區  敦煌  里  安和路  1  段  127  巷  29  弄  1  ~  30  號'],morning
2083,2084,住宅竊盜,1070528,10~12,臺北市中山區新生北路3段61~90號,['臺  北市  中山  區  新生北路  3  段  61  ~  90  號'],morning
2084,2085,住宅竊盜,1070529,08~10,臺北市信義區三犁里信義路5段150巷1~30號,['臺  北市  信義區  三犁里  信義路  5  段  150  巷  1  ~  30  號'],morning
2086,2087,住宅竊盜,1070603,06~08,臺北市北投區吉利里致遠二路95巷31~60號,['臺  北  市北  投區  吉利  里  致遠  二路  95  巷  31  ~  60  號'],morning
2089,2090,住宅竊盜,1070606,10~12,臺北市北投區關渡里知行路3巷1~30號,['臺  北  市北  投區  關渡  里  知  行路  3  巷  1  ~  30  號'],morning
2098,2099,住宅竊盜,1070614,10~12,臺北市北投區福興里致遠一路2段71巷1~30號,['臺  北  市北  投區  福興里  致遠  一路  2  段  71  巷  1  ~  30  號'],morning
2104,2105,住宅竊盜,1070619,10~12,臺北市士林區承德里承德路4段58巷31~60號,['臺  北市  士林  區  承德  里  承德路  4  段  58  巷  31  ~  60  號'],morning
2108,2109,住宅竊盜,1070622,06~08,臺北市中正區幸市里新生南路1段60巷1~30號,['臺  北市  中正  區幸  市里  新生南路  1  段  60  巷  1  ~  30  號'],morning
2115,2116,住宅竊盜,1070626,10~12,臺北市士林區福順里12鄰延平北路5段136巷8弄1~30號,['臺  北市  士林  區福  順里  12  鄰  延平北路  5  段  136  巷  8  弄  1  ~  30  號'],morning
2116,2117,住宅竊盜,1070626,10~12,臺北市信義區忠孝東路5段1~30號,['臺  北市  信義區  忠孝  東路  5  段  1  ~  30  號'],morning
2118,2119,住宅竊盜,1070627,08~10,臺北市大安區龍坡里2鄰溫州街11巷1~30號,['臺  北市  大安  區龍坡  里  2  鄰溫州  街  11  巷  1  ~  30  號'],morning
2121,2122,住宅竊盜,1070628,06~08,臺北市大安區錦華里杭州南路2段93巷1~30號,['臺  北市  大安  區錦華里  杭州  南路  2  段  93  巷  1  ~  30  號'],morning
2125,2126,住宅竊盜,1070630,08~10,臺北市松山區南京東路4段133巷7弄31~60號,['臺  北市  松山  區  南京  東路  4  段  133  巷  7  弄  31  ~  60  號'],morning
2128,2129,住宅竊盜,1070701,10~12,臺北市萬華區和平西路3段301~330號,['臺  北市  萬華區  和平西路  3  段  301  ~  330  號'],morning
2131,2132,住宅竊盜,1070703,06~08,臺北市大安區臨江里通化街39巷50弄31~60號,['臺  北市  大安  區臨  江里  通化街  39  巷  50  弄  31  ~  60  號'],morning
2135,2136,住宅竊盜,1070708,08~10,臺北市文山區華興里006鄰試院路4巷1~30號,['臺  北市  文山  區華興里  006  鄰試  院路  4  巷  1  ~  30  號'],morning
2138,2139,住宅竊盜,1070711,08~10,臺北市南港區新光里昆陽街151~180號,['臺  北市  南港  區  新光  里  昆陽街  151  ~  180  號'],morning
2140,2141,住宅竊盜,1070712,08~10,臺北市信義區大仁里福德街91~120號,['臺  北市  信義區  大仁里  福德街  91  ~  120  號'],morning
2143,2144,住宅竊盜,1070716,08~10,臺北市松山區三民路107巷31~60號,['臺  北市  松山  區  三民路  107  巷  31  ~  60  號'],morning
2145,2146,住宅竊盜,1070717,08~10,臺北市北投區榮華里榮華二路39巷1~30號,['臺  北  市北  投區  榮華里  榮華  二路  39  巷  1  ~  30  號'],morning
2146,2147,住宅竊盜,1070717,10~12,臺北市中正區富水里思源街1~30號,['臺  北市  中正  區  富水  里  思源  街  1  ~  30  號'],morning
2147,2148,住宅竊盜,1070718,10~12,臺北市信義區安康里虎林街212巷31~60號,['臺  北市  信義區  安康  里  虎林  街  212  巷  31  ~  60  號'],morning
2153,2154,住宅竊盜,1070722,10~12,臺北市中山區復興北路151~180號,['臺  北市  中山  區  復  興  北路  151  ~  180  號'],morning
2156,2157,住宅竊盜,1070726,06~08,臺北市中山區中山北路2段62巷1~30號,['臺  北市  中山  區  中山北路  2  段  62  巷  1  ~  30  號'],morning
2159,2160,住宅竊盜,1070728,10~12,臺北市內湖區內湖路2段103巷61~90號,['臺  北市  內  湖區  內  湖路  2  段  103  巷  61  ~  90  號'],morning
2163,2164,住宅竊盜,1070731,10~12,臺北市中正區南福里羅斯福路2段31~60號,['臺  北市  中正  區南  福里羅斯福路  2  段  31  ~  60  號'],morning
2172,2173,住宅竊盜,1070805,06~08,臺北市松山區南京東路3段256巷20弄1~30號,['臺  北市  松山  區  南京  東路  3  段  256  巷  20  弄  1  ~  30  號'],morning
2175,2176,住宅竊盜,1070808,08~10,臺北市大安區正聲里光復南路240巷31~60號,['臺  北市  大安  區正聲  里  光  復  南路  240  巷  31  ~  60  號'],morning
2177,2178,住宅竊盜,1070809,06~08,臺北市大安區法治里通化街181巷1~30號,['臺  北市  大安  區  法治  里  通化街  181  巷  1  ~  30  號'],morning
2178,2179,住宅竊盜,1070810,08~10,臺北市中山區民族東路512巷1~30號,['臺  北市  中山  區  民族  東路  512  巷  1  ~  30  號'],morning
2179,2180,住宅竊盜,1070811,08~10,臺北市北投區一德里中央北路4段301~330號,['臺  北  市北  投區  一  德里  中央  北路  4  段  301  ~  330  號'],morning
2188,2189,住宅竊盜,1070816,10~12,臺北市中山區錦州街31~60號,['臺  北市  中山  區錦州  街  31  ~  60  號'],morning
2190,2191,住宅竊盜,1070817,10~12,臺北市中山區農安街77巷1~30號,['臺  北市  中山  區農安街  77  巷  1  ~  30  號'],morning
2196,2197,住宅竊盜,1070822,06~08,臺北市北投區永和里行義路186巷26弄1~30號,['臺  北  市北  投區  永和  里  行義路  186  巷  26  弄  1  ~  30  號'],morning
2197,2198,住宅竊盜,1070823,06~08,臺北市萬華區萬大路481~510號,['臺  北市  萬華區  萬  大路  481  ~  510  號'],morning
2200,2201,住宅竊盜,1070826,10~12,臺北市松山區京東路5段291巷1~30號,['臺  北市  松山  區京  東路  5  段  291  巷  1  ~  30  號'],morning
2201,2202,住宅竊盜,1070828,08~10,臺北市大同區承德路3段191巷1~30號,['臺  北市  大同  區  承德路  3  段  191  巷  1  ~  30  號'],morning
2206,2207,住宅竊盜,1070830,06~08,臺北市大安區龍淵里和平東路2段96巷1~30號,['臺  北市  大安  區龍淵里  和平  東路  2  段  96  巷  1  ~  30  號'],morning
2209,2210,住宅竊盜,1070831,08~10,臺北市萬華區凌霄里6鄰國興路1~30號,['臺  北市  萬華區  凌霄里  6  鄰國  興路  1  ~  30  號'],morning
2212,2213,住宅竊盜,1070902,10~12,臺北市北投區開明里義方街1~30號,['臺  北  市北  投區  開  明里  義方街  1  ~  30  號'],morning
2228,2229,住宅竊盜,1070907,10~12,臺北市大安區義安里文昌街91~120號,['臺  北市  大安  區義安里  文昌街  91  ~  120  號'],morning
2230,2231,住宅竊盜,1070908,06~08,臺北市文山區萬興里013鄰指南路2段45巷1~30號,['臺  北市  文山  區萬興里  013  鄰  指南  路  2  段  45  巷  1  ~  30  號'],morning
2231,2232,住宅竊盜,1070910,10~12,臺北市中山區吉林路343巷1~30號,['臺  北市  中山  區  吉林路  343  巷  1  ~  30  號'],morning
2234,2235,住宅竊盜,1070912,06~08,臺北市中正區富水里永春街200巷3弄1~30號,['臺  北市  中正  區  富水  里  永春  街  200  巷  3  弄  1  ~  30  號'],morning
2235,2236,住宅竊盜,1070912,06~08,臺北市萬華區開封街2段1~30號,['臺  北市  萬華區  開封街  2  段  1  ~  30  號'],morning
2241,2242,住宅竊盜,1070917,06~08,臺北市大同區太原路91~120號,['臺  北市  大同  區  太原路  91  ~  120  號'],morning
2244,2245,住宅竊盜,1070919,10~12,臺北市士林區福林里中山北路5段505巷42弄1~30號,['臺  北市  士林  區福  林里  中山北路  5  段  505  巷  42  弄  1  ~  30  號'],morning
2249,2250,住宅竊盜,1070929,06~08,臺北市中山區民生東路1段1~30號,['臺  北市  中山  區  民生  東路  1  段  1  ~  30  號'],morning
2254,2255,住宅竊盜,1071003,06~08,臺北市信義區安康里虎林街212巷31~60號,['臺  北市  信義區  安康  里  虎林  街  212  巷  31  ~  60  號'],morning
2255,2256,住宅竊盜,1071003,08~10,臺北市大同區斯文里昌吉街33巷1~30號,['臺  北市  大同  區  斯文  里  昌吉  街  33  巷  1  ~  30  號'],morning
2256,2257,住宅竊盜,1071003,08~10,臺北市萬華區西寧南路71巷1~30號,['臺  北市  萬華區  西寧  南路  71  巷  1  ~  30  號'],morning
2258,2259,住宅竊盜,1071004,10~12,臺北市文山區萬興里009鄰指南路2段61~90號,['臺  北市  文山  區萬興里  009  鄰  指南  路  2  段  61  ~  90  號'],morning
2261,2262,住宅竊盜,1071005,10~12,臺北市北投區福興里承德路7段342巷1~30號,['臺  北  市北  投區  福興里  承德路  7  段  342  巷  1  ~  30  號'],morning
2266,2267,住宅竊盜,1071006,10~12,臺北市內湖區碧山路31~60號,['臺  北市  內  湖區  碧  山路  31  ~  60  號'],morning
2270,2271,住宅竊盜,1071008,06~08,臺北市北投區洲美里洲美街139巷1~30號,['臺  北  市北  投區洲  美里洲  美街  139  巷  1  ~  30  號'],morning
2276,2277,住宅竊盜,1071013,10~12,臺北市中山區林森北路481~510號,['臺  北市  中山  區  林森北路  481  ~  510  號'],morning
2277,2278,住宅竊盜,1071013,10~12,臺北市中正區網溪里廈門街99巷1~30號,['臺  北市  中正  區網  溪里  廈門  街  99  巷  1  ~  30  號'],morning
2293,2294,住宅竊盜,1071022,06~08,臺北市北投區立賢里尊賢街241巷1~30號,['臺  北  市北  投區  立賢里  尊賢街  241  巷  1  ~  30  號'],morning
2296,2297,住宅竊盜,1071024,06~08,臺北市大安區光武里市民大道4段61~90號,['臺  北市  大安  區光  武里  市民  大道  4  段  61  ~  90  號'],morning
2300,2301,住宅竊盜,1071027,10~12,臺北市中山區林森北路85巷61~90號,['臺  北市  中山  區  林森北路  85  巷  61  ~  90  號'],morning
2307,2308,住宅竊盜,1071101,06~08,臺北市中山區林森北路241~270號,['臺  北市  中山  區  林森北路  241  ~  270  號'],morning
2311,2312,住宅竊盜,1071105,08~10,臺北市萬華區和平西路3段211~240號,['臺  北市  萬華區  和平西路  3  段  211  ~  240  號'],morning
2314,2315,住宅竊盜,1071106,10~12,臺北市北投區一德里中央北路4段511~540號,['臺  北  市北  投區  一  德里  中央  北路  4  段  511  ~  540  號'],morning
2317,2318,住宅竊盜,1071109,06~08,臺北市中山區中山北路2段65巷1~30號,['臺  北市  中山  區  中山北路  2  段  65  巷  1  ~  30  號'],morning
2319,2320,住宅竊盜,1071110,06~08,臺北市北投區榮光里致遠一路2段61~90號,['臺  北  市北  投區  榮光里  致遠  一路  2  段  61  ~  90  號'],morning
2322,2323,住宅竊盜,1071111,08~10,臺北市內湖區民權東路6段56巷5弄1~30號,['臺  北市  內  湖區民權  東路  6  段  56  巷  5  弄  1  ~  30  號'],morning
2326,2327,住宅竊盜,1071115,10~12,臺北市中山區雙城街17巷1~30號,['臺  北市  中山  區雙  城街  17  巷  1  ~  30  號'],morning
2333,2334,住宅竊盜,1071119,06~08,臺北市大安區通化里光復南路601~630號,['臺  北市  大安  區  通化  里光  復  南路  601  ~  630  號'],morning
2343,2344,住宅竊盜,1071125,06~08,臺北市萬華區環河南路3段241~270號,['臺  北市  萬華區環  河南  路  3  段  241  ~  270  號'],morning
2345,2346,住宅竊盜,1071126,08~10,臺北市士林區岩山里仰德大道1段14巷1~30號,['臺  北市  士林  區岩  山里  仰德大道  1  段  14  巷  1  ~  30  號'],morning
2347,2348,住宅竊盜,1071127,10~12,臺北市萬華區綠堤里3鄰雙園街106巷1~30號,['臺  北市  萬華區  綠堤  里  3  鄰雙園  街  106  巷  1  ~  30  號'],morning
2348,2349,住宅竊盜,1071128,10~12,臺北市大安區和安里6鄰信義路3段147巷5弄1~30號,['臺  北市  大安  區和安里  6  鄰信義路  3  段  147  巷  5  弄  1  ~  30  號'],morning
2349,2350,住宅竊盜,1071128,10~12,臺北市內湖區湖濱里6鄰內湖路2段103巷119弄31~60號,['臺  北市  內  湖區  湖濱里  6  鄰內  湖路  2  段  103  巷  119  弄  31  ~  60  號'],morning
2352,2353,住宅竊盜,1071129,10~12,臺北市南港區萬福里忠孝東路6段70巷22弄1~30號,['臺  北市  南港  區萬福里  忠孝  東路  6  段  70  巷  22  弄  1  ~  30  號'],morning
2358,2359,住宅竊盜,1071203,06~08,臺北市大安區黎元里2鄰樂業街151~180號,['臺  北市  大安  區黎元里  2  鄰樂業  街  151  ~  180  號'],morning
2365,2366,住宅竊盜,1071205,10~12,臺北市大安區建安里忠孝東路4段181巷40弄1~30號,['臺  北市  大安  區  建安  里  忠孝  東路  4  段  181  巷  40  弄  1  ~  30  號'],morning
2373,2374,住宅竊盜,1071211,08~10,臺北市萬華區西寧南路1~30號,['臺  北市  萬華區  西寧  南路  1  ~  30  號'],morning
2376,2377,住宅竊盜,1071213,08~10,臺北市信義區景勤里吳興街156巷65弄1~30號,['臺  北市  信義區  景勤里  吳興街  156  巷  65  弄  1  ~  30  號'],morning
2377,2378,住宅竊盜,1071213,10~12,臺北市松山區八德路3段12巷66弄1~30號,['臺  北市  松山  區  八德  路  3  段  12  巷  66  弄  1  ~  30  號'],morning
2394,2395,住宅竊盜,1071221,10~12,臺北市萬華區長泰街19巷31~60號,['臺  北市  萬華區  長  泰街  19  巷  31  ~  60  號'],morning
2409,2410,住宅竊盜,1071231,06~08,臺北市中正區忠勤里中華路2段315巷4弄1~30號,['臺  北市  中正  區忠勤  里  中華路  2  段  315  巷  4  弄  1  ~  30  號'],morning
2415,2416,住宅竊盜,1080102,10~12,臺北市內湖區民權東路六段90巷5弄三號,['臺  北市  內  湖區民權  東路  六段  90  巷  5  弄  三號'],morning
2422,2423,住宅竊盜,1080106,10~12,臺北市萬華區西寧南路1~30號,['臺  北市  萬華區  西寧  南路  1  ~  30  號'],morning
2425,2426,住宅竊盜,1080108,06~08,臺北市萬華區西寧南路1~30號,['臺  北市  萬華區  西寧  南路  1  ~  30  號'],morning
2431,2432,住宅竊盜,1080110,10~12,臺北市中山區民生東路3段31~60號,['臺  北市  中山  區  民生  東路  3  段  31  ~  60  號'],morning
2432,2433,住宅竊盜,1080112,08~10,臺北市中正區忠勤里中華路2段315巷4弄1~30號,['臺  北市  中正  區忠勤  里  中華路  2  段  315  巷  4  弄  1  ~  30  號'],morning
2438,2439,住宅竊盜,1080115,08~10,臺北市內湖區秀湖里4鄰大湖街160巷1~30號,['臺  北市  內  湖區秀  湖里  4  鄰  大湖  街  160  巷  1  ~  30  號'],morning
2441,2442,住宅竊盜,1080117,08~10,臺北市北投區榮光里石牌路1段166巷19弄1~30號,['臺  北  市北  投區  榮光里  石牌路  1  段  166  巷  19  弄  1  ~  30  號'],morning
2449,2450,住宅竊盜,1080122,08~10,臺北市中正區永昌里詔安街272巷1~30號,['臺  北市  中正  區  永昌  里  詔安街  272  巷  1  ~  30  號'],morning
2451,2452,住宅竊盜,1080123,08~10,臺北市萬華區富民路155巷1~30號,['臺  北市  萬華區  富民路  155  巷  1  ~  30  號'],morning
2454,2455,住宅竊盜,1080124,10~12,臺北市大安區錦安里永康街75巷1~30號,['臺  北市  大安  區錦安里  永康  街  75  巷  1  ~  30  號'],morning
2461,2462,住宅竊盜,1080127,08~10,臺北市中山區林森北路119巷1~30號,['臺  北市  中山  區  林森北路  119  巷  1  ~  30  號'],morning
2464,2465,住宅竊盜,1080131,08~10,臺北市大安區龍生里瑞安街276巷1~30號,['臺  北市  大安  區龍  生里  瑞安  街  276  巷  1  ~  30  號'],morning
2465,2466,住宅竊盜,1080202,06~08,臺北市內湖區內湖路2段179巷35弄1~30號,['臺  北市  內  湖區  內  湖路  2  段  179  巷  35  弄  1  ~  30  號'],morning
2468,2469,住宅竊盜,1080203,06~08,臺北市大安區建安里20鄰忠孝東路4段205巷7弄1~30號,['臺  北市  大安  區  建安  里  20  鄰  忠孝  東路  4  段  205  巷  7  弄  1  ~  30  號'],morning
2477,2478,住宅竊盜,1080209,08~10,臺北市中山區新生北路2段91~120號,['臺  北市  中山  區  新生北路  2  段  91  ~  120  號'],morning
2482,2483,住宅竊盜,1080212,06~08,臺北市士林區福華里和豐街33巷1~30號,['臺  北市  士林  區福華里  和  豐街  33  巷  1  ~  30  號'],morning
2483,2484,住宅竊盜,1080212,10~12,臺北市中山區林森北路85巷31~60號,['臺  北市  中山  區  林森北路  85  巷  31  ~  60  號'],morning
2492,2493,住宅竊盜,1080217,08~10,臺北市北投區關渡里知行路293巷15之1~30號,['臺  北  市北  投區  關渡  里  知  行路  293  巷  15  之  1  ~  30  號'],morning
2494,2495,住宅竊盜,1080221,08~10,臺北市中山區錦州街1~30號,['臺  北市  中山  區錦州  街  1  ~  30  號'],morning
2495,2496,住宅竊盜,1080222,08~10,臺北市內湖區新明路451巷1~30號,['臺  北市  內  湖區  新明路  451  巷  1  ~  30  號'],morning
2496,2497,住宅竊盜,1080222,10~12,臺北市萬華區梧州街31~60號,['臺  北市  萬華區  梧州  街  31  ~  60  號'],morning
2501,2502,住宅竊盜,1080227,10~12,臺北市北投區中央里大業路280巷9弄1~30號,['臺  北  市北  投區  中央  里  大業路  280  巷  9  弄  1  ~  30  號'],morning
2507,2508,住宅竊盜,1080306,08~10,臺北市中正區忠勤里中華路2段307巷31~60號,['臺  北市  中正  區忠勤  里  中華路  2  段  307  巷  31  ~  60  號'],morning
2522,2523,住宅竊盜,1080316,10~12,臺北市士林區葫蘆里8鄰延平北路5段211~240號,['臺  北市  士林  區葫蘆  里  8  鄰  延平北路  5  段  211  ~  240  號'],morning
2528,2529,住宅竊盜,1080322,08~10,臺北市大安區大學里溫州街74巷3弄1~30號,['臺  北市  大安  區大學里  溫州  街  74  巷  3  弄  1  ~  30  號'],morning
2536,2537,住宅竊盜,1080401,08~10,臺北市松山區復興北路1~30號,['臺  北市  松山  區  復  興  北路  1  ~  30  號'],morning
2538,2539,住宅竊盜,1080407,10~12,臺北市大安區通安里通安街31~60號,['臺  北市  大安  區通安里  通安街  31  ~  60  號'],morning
2539,2540,住宅竊盜,1080408,10~12,臺北市大同區重慶北路2段57巷1~30號,['臺  北市  大同  區重慶  北路  2  段  57  巷  1  ~  30  號'],morning
2541,2542,住宅竊盜,1080409,10~12,臺北市士林區德華里文林路661巷1~30號,['臺  北市  士林  區德華里  文林  路  661  巷  1  ~  30  號'],morning
2547,2548,住宅竊盜,1080413,10~12,臺北市內湖區民權東路90巷6弄1~30號,['臺  北市  內  湖區民權  東路  90  巷  6  弄  1  ~  30  號'],morning
2548,2549,住宅竊盜,1080413,10~12,臺北市中山區德惠街3巷1~30號,['臺  北市  中山  區  德惠  街  3  巷  1  ~  30  號'],morning
2558,2559,住宅竊盜,1080423,10~12,臺北市信義區景勤里吳興街220巷11弄1~30號,['臺  北市  信義區  景勤里  吳興街  220  巷  11  弄  1  ~  30  號'],morning
2560,2561,住宅竊盜,1080425,10~12,臺北市北投區稻香里石仙路1巷3弄1~30號,['臺  北  市北  投區  稻香  里  石仙路  1  巷  3  弄  1  ~  30  號'],morning
2565,2566,住宅竊盜,1080501,10~12,臺北市內湖區內湖路3段331~360號,['臺  北市  內  湖區  內  湖路  3  段  331  ~  360  號'],morning
2566,2567,住宅竊盜,1080502,06~08,臺北市大安區錦華里13鄰羅斯福路2段31~60號,['臺  北市  大安  區錦華里  13  鄰羅斯福路  2  段  31  ~  60  號'],morning
2569,2570,住宅竊盜,1080507,06~08,臺北市北投區石牌路2段325巷1~30號,['臺  北  市北  投區  石牌路  2  段  325  巷  1  ~  30  號'],morning
2572,2573,住宅竊盜,1080510,10~12,臺北市文山區景仁里景仁街61~90號,['臺  北市  文山  區景仁里  景仁街  61  ~  90  號'],morning
2576,2577,住宅竊盜,1080511,06~08,臺北市大同區酒泉街9巷11~13號,['臺  北市  大同  區  酒泉街  9  巷  11  ~  13  號'],morning
2581,2582,住宅竊盜,1080515,08~10,臺北市信義區松友里信義路6段76巷8弄61~90號,['臺  北市  信義區  松友里  信義路  6  段  76  巷  8  弄  61  ~  90  號'],morning
2593,2594,住宅竊盜,1080525,08~10,臺北市大安區古莊里007鄰浦城街16巷1~30號,['臺  北市  大安  區古  莊里  007  鄰  浦城  街  16  巷  1  ~  30  號'],morning
2598,2599,住宅竊盜,1080530,10~12,臺北市信義區富台里忠孝東路5段423巷6弄1~30號,['臺  北市  信義區  富台  里  忠孝  東路  5  段  423  巷  6  弄  1  ~  30  號'],morning
2599,2600,住宅竊盜,1080530,10~12,臺北市士林區蘭興里中山北路6段151~180號,['臺  北市  士林  區蘭興里  中山北路  6  段  151  ~  180  號'],morning
2603,2604,住宅竊盜,1080602,06~08,臺北市士林區陽明里華岡路31~60號,['臺  北市  士林  區陽  明里  華岡路  31  ~  60  號'],morning
2608,2609,住宅竊盜,1080606,08~10,臺北市萬華區萬大路329巷1~30號,['臺  北市  萬華區  萬  大路  329  巷  1  ~  30  號'],morning
2616,2617,住宅竊盜,1080613,08~10,臺北市信義區四維里虎林街74巷1~30號,['臺  北市  信義區  四維里  虎林  街  74  巷  1  ~  30  號'],morning
2617,2618,住宅竊盜,1080614,06~08,臺北市北投區中心里中山路31~60號,['臺  北  市北  投區  中  心里  中山路  31  ~  60  號'],morning
2619,2620,住宅竊盜,1080615,10~12,臺北市萬華區中華路2段661~690號,['臺  北市  萬華區  中華路  2  段  661  ~  690  號'],morning
2621,2622,住宅竊盜,1080616,06~08,臺北市中正區龍光里12鄰重慶南路3段16巷1~30號,['臺  北市  中正  區龍  光里  12  鄰  重慶  南路  3  段  16  巷  1  ~  30  號'],morning
2625,2626,住宅竊盜,1080619,06~08,臺北市大安區建安里敦化南路1段177巷31~60號,['臺  北市  大安  區  建安  里  敦化南路  1  段  177  巷  31  ~  60  號'],morning
2628,2629,住宅竊盜,1080624,06~08,臺北市萬華區德昌街185巷1~30號,['臺  北市  萬華區  德昌  街  185  巷  1  ~  30  號'],morning
2632,2633,住宅竊盜,1080628,06~08,臺北市中正區黎明里重慶南路1段31~60號,['臺  北市  中正  區  黎明  里  重慶  南路  1  段  31  ~  60  號'],morning
2635,2636,住宅竊盜,1080630,08~10,臺北市中正區永功里詔安街57巷1~30號,['臺  北市  中正  區永功  里  詔安街  57  巷  1  ~  30  號'],morning
2636,2637,住宅竊盜,1080630,08~10,臺北市中山區龍江路394巷31~60號,['臺  北市  中山  區龍江路  394  巷  31  ~  60  號'],morning
2637,2638,住宅竊盜,1080702,06~08,臺北市信義區嘉興里基隆路2段121~150號,['臺  北市  信義區  嘉興里  基隆  路  2  段  121  ~  150  號'],morning
2651,2652,住宅竊盜,1080709,06~08,臺北市士林區社新里社子街97巷1~30號,['臺  北市  士林  區社  新里  社子  街  97  巷  1  ~  30  號'],morning
2652,2653,住宅竊盜,1080709,10~12,臺北市內湖區文德路22巷53弄31~60號,['臺  北市  內  湖區  文德路  22  巷  53  弄  31  ~  60  號'],morning
2655,2656,住宅竊盜,1080710,10~12,臺北市文山區樟新里009鄰樟新街15巷1~30號,['臺  北市  文山  區樟新里  009  鄰  樟  新街  15  巷  1  ~  30  號'],morning
2656,2657,住宅竊盜,1080710,10~12,臺北市南港區南港里南港路1段137巷1~30號,['臺  北市  南港  區  南港  里  南港路  1  段  137  巷  1  ~  30  號'],morning
2660,2661,住宅竊盜,1080714,06~08,臺北市大安區昌隆里忠孝東路3段217巷3弄6~3號,['臺  北市  大安  區昌隆里  忠孝  東路  3  段  217  巷  3  弄  6  ~  3  號'],morning
2665,2666,住宅竊盜,1080718,10~12,臺北市萬華區艋舺大道391~420號,['臺  北市  萬華區  艋  舺  大道  391  ~  420  號'],morning
2670,2671,住宅竊盜,1080721,06~08,臺北市大安區義村里仁愛路3段123巷11弄1~30號,['臺  北市  大安  區義  村里  仁愛路  3  段  123  巷  11  弄  1  ~  30  號'],morning
2681,2682,住宅竊盜,1080726,08~10,臺北市大同區錦西街65巷31~60號,['臺  北市  大同  區錦  西街  65  巷  31  ~  60  號'],morning
2682,2683,住宅竊盜,1080727,06~08,臺北市士林區後港里4鄰承德路4段277巷91~120號,['臺  北市  士林  區後港  里  4  鄰  承德路  4  段  277  巷  91  ~  120  號'],morning
2683,2684,住宅竊盜,1080727,10~12,臺北市萬華區和平西路3段331~360號,['臺  北市  萬華區  和平西路  3  段  331  ~  360  號'],morning
2689,2690,住宅竊盜,1080728,08~10,臺北市中正區河堤里水源路61~90號,['臺  北市  中正  區  河堤  里  水源路  61  ~  90  號'],morning
2712,2713,住宅竊盜,1080818,06~08,臺北市北投區大同里中央北路1段121~150號,['臺  北  市北  投區  大同  里  中央  北路  1  段  121  ~  150  號'],morning
2715,2716,住宅竊盜,1080820,08~10,臺北市松山區南京東路5段251巷46弄1~30號,['臺  北市  松山  區  南京  東路  5  段  251  巷  46  弄  1  ~  30  號'],morning
2719,2720,住宅竊盜,1080824,06~08,臺北市中山區合江街49巷1~30號,['臺  北市  中山  區  合江  街  49  巷  1  ~  30  號'],morning
2720,2721,住宅竊盜,1080824,10~12,臺北市中正區板溪里平西路1段61~90號,['臺  北市  中正  區板  溪里平  西路  1  段  61  ~  90  號'],morning
2721,2722,住宅竊盜,1080824,10~12,臺北市內湖區內湖路1段91巷24弄1~30號,['臺  北市  內  湖區  內  湖路  1  段  91  巷  24  弄  1  ~  30  號'],morning
2731,2732,住宅竊盜,1080905,08~10,臺北市大安區群賢里復興南路2段271~300號,['臺  北市  大安  區群賢里  復  興  南路  2  段  271  ~  300  號'],morning
2732,2733,住宅竊盜,1080906,10~12,臺北市內湖區成功路4段167巷1~30號,['臺  北市  內  湖區  成功  路  4  段  167  巷  1  ~  30  號'],morning
2733,2734,住宅竊盜,1080907,08~10,臺北市萬華區西園路2段320巷36弄1~30號,['臺  北市  萬華區  西園  路  2  段  320  巷  36  弄  1  ~  30  號'],morning
2738,2739,住宅竊盜,1080915,08~10,臺北市松山區八德路4段601~630號,['臺  北市  松山  區  八德  路  4  段  601  ~  630  號'],morning
2740,2741,住宅竊盜,1080918,10~12,臺北市北投區稻香里新興路91~120號,['臺  北  市北  投區  稻香  里  新興路  91  ~  120  號'],morning
2743,2744,住宅竊盜,1080928,06~08,臺北市大同區歸綏街181~210號,['臺  北市  大同  區歸  綏街  181  ~  210  號'],morning
2748,2749,住宅竊盜,1081007,08~10,臺北市大安區正聲里光復南路240巷31~60號,['臺  北市  大安  區正聲  里  光  復  南路  240  巷  31  ~  60  號'],morning
2751,2752,住宅竊盜,1081012,08~10,臺北市士林區聖山里13鄰德行東路190巷30弄1~30號,['臺  北市  士林  區聖  山里  13  鄰  德行  東路  190  巷  30  弄  1  ~  30  號'],morning
2755,2756,住宅竊盜,1081015,08~10,臺北市萬華區莒光路241~270號,['臺  北市  萬華區  莒光  路  241  ~  270  號'],morning
2756,2757,住宅竊盜,1081015,10~12,臺北市南港區中南里忠孝東路7段625巷1~30號,['臺  北市  南港  區  中南  里  忠孝  東路  7  段  625  巷  1  ~  30  號'],morning
2774,2775,住宅竊盜,1081112,08~10,臺北市萬華區武成街92巷1~30號,['臺  北市  萬華區  武成  街  92  巷  1  ~  30  號'],morning
2777,2778,住宅竊盜,1081115,08~10,臺北市中山區民權東路2段135巷29弄1~30號,['臺  北市  中山  區民權  東路  2  段  135  巷  29  弄  1  ~  30  號'],morning
2784,2785,住宅竊盜,1081121,08~10,臺北市信義區中興里光復南路541~570號,['臺  北市  信義區  中興里  光  復  南路  541  ~  570  號'],morning
2786,2787,住宅竊盜,1081122,10~12,臺北市中山區樂群二路91~120號,['臺  北市  中山  區樂群  二路  91  ~  120  號'],morning
2795,2796,住宅竊盜,1081203,10~12,臺北市大安區古莊里羅斯福路2段117巷1~30號,['臺  北市  大安  區古  莊里羅斯福路  2  段  117  巷  1  ~  30  號'],morning
2796,2797,住宅竊盜,1081204,10~12,臺北市中山區建國北路二段33巷1~30號,['臺  北市  中山  區建國  北路  二段  33  巷  1  ~  30  號'],morning
2806,2807,住宅竊盜,1081212,06~08,臺北市南港區九如里研究院路2段150巷3弄1~30號,['臺  北市  南港  區九如里  研究院  路  2  段  150  巷  3  弄  1  ~  30  號'],morning
2811,2812,住宅竊盜,1081218,10~12,臺北市北投區泉源里泉源路211~240號,['臺  北  市北  投區  泉源  里  泉源  路  211  ~  240  號'],morning
2818,2819,住宅竊盜,1081225,10~12,臺北市大安區黎和里(富陽街91~120號,['臺  北市  大安  區黎  和  里  (  富陽街  91  ~  120  號'],morning
2824,2825,住宅竊盜,1090104,10~12,臺北市中山區(中山區林森北路119巷1~30號,['臺  北市  中山  區  (  中山  區  林森北路  119  巷  1  ~  30  號'],morning
2837,2838,住宅竊盜,1090119,10~12,臺北市信義區松隆路31~60號,['臺  北市  信義區  松隆路  31  ~  60  號'],morning
2839,2840,住宅竊盜,1090121,06~08,臺北市北投區開明里開明街1~30號,['臺  北  市北  投區  開  明里  開明  街  1  ~  30  號'],morning
2840,2841,住宅竊盜,1090123,08~10,臺北市南港區三重里重陽路451~480號,['臺  北市  南港  區  三重  里  重陽路  451  ~  480  號'],morning
2841,2842,住宅竊盜,1090123,08~10,臺北市南港區三重里重陽路451~480號,['臺  北市  南港  區  三重  里  重陽路  451  ~  480  號'],morning
2846,2847,住宅竊盜,1090126,10~12,臺北市北投區奇岩里公館路306巷1~30號,['臺  北  市北  投區  奇岩  里  公館  路  306  巷  1  ~  30  號'],morning
2856,2857,住宅竊盜,1090131,08~10,臺北市松山區敦化南路1段61~90號,['臺  北市  松山  區  敦化南路  1  段  61  ~  90  號'],morning
2857,2858,住宅竊盜,1090131,08~10,臺北市大安區敦化南路1段61~90號,['臺  北市  大安  區  敦化南路  1  段  61  ~  90  號'],morning
2863,2864,住宅竊盜,1090208,10~12,臺北市信義區虎林街202巷31~60號,['臺  北市  信義區  虎林  街  202  巷  31  ~  60  號'],morning
2864,2865,住宅竊盜,1090209,06~08,臺北市北投區大同里光明路1~30號,['臺  北  市北  投區  大同  里  光明  路  1  ~  30  號'],morning
2874,2875,住宅竊盜,1090214,10~12,臺北市士林區福中里通河東街1段167巷2弄1~30號,['臺  北市  士林  區福  中里  通河  東街  1  段  167  巷  2  弄  1  ~  30  號'],morning
2875,2876,住宅竊盜,1090214,10~12,臺北市士林區福中里通河東街1段167巷2弄1~30號,['臺  北市  士林  區福  中里  通河  東街  1  段  167  巷  2  弄  1  ~  30  號'],morning
2879,2880,住宅竊盜,1090216,06~08,臺北市文山區華興里011鄰木柵路1段211~240號,['臺  北市  文山  區華興里  011  鄰木柵路  1  段  211  ~  240  號'],morning
2880,2881,住宅竊盜,1090216,10~12,臺北市北投區開明里復興四路12巷1~30號,['臺  北  市北  投區  開  明里  復  興  四路  12  巷  1  ~  30  號'],morning
2881,2882,住宅竊盜,1090217,08~10,臺北市萬華區西藏路91~120號,['臺  北市  萬華區  西藏路  91  ~  120  號'],morning
2885,2886,住宅竊盜,1090227,10~12,臺北市內湖區(內湖路3段1~30號,['臺  北市  內  湖區  (  內  湖路  3  段  1  ~  30  號'],morning
2892,2893,住宅竊盜,1090308,08~10,臺北市中山區八德路2段300巷1~30號,['臺  北市  中山  區  八德  路  2  段  300  巷  1  ~  30  號'],morning
2894,2895,住宅竊盜,1090310,10~12,臺北市萬華區青年路152巷1~30號,['臺  北市  萬華區  青年  路  152  巷  1  ~  30  號'],morning
2899,2900,住宅竊盜,1090312,08~10,臺北市中正區新營里寧波東街16巷1~30號,['臺  北市  中正  區新  營里  寧波  東街  16  巷  1  ~  30  號'],morning
2911,2912,住宅竊盜,1090319,10~12,臺北市信義區大仁里福德街1~30號,['臺  北市  信義區  大仁里  福德街  1  ~  30  號'],morning
2914,2915,住宅竊盜,1090322,06~08,臺北市士林區福華里承德路4段40巷91~120號,['臺  北市  士林  區福華里  承德路  4  段  40  巷  91  ~  120  號'],morning
2915,2916,住宅竊盜,1090322,10~12,臺北市大安區民炤里9鄰新生南路1段165巷5之1~30號,['臺  北市  大安  區民炤里  9  鄰  新生南路  1  段  165  巷  5  之  1  ~  30  號'],morning
2916,2917,住宅竊盜,1090322,10~12,臺北市松山區八德路3段12巷53弄1~30號,['臺  北市  松山  區  八德  路  3  段  12  巷  53  弄  1  ~  30  號'],morning
2921,2922,住宅竊盜,1090327,10~12,臺北市萬華區廣州街253巷1~30號,['臺  北市  萬華區  廣州  街  253  巷  1  ~  30  號'],morning
2923,2924,住宅竊盜,1090329,08~10,臺北市北投區關渡里知行路91~120號,['臺  北  市北  投區  關渡  里  知  行路  91  ~  120  號'],morning
2924,2925,住宅竊盜,1090330,08~10,臺北市萬華區柳州街31~60號,['臺  北市  萬華區  柳州  街  31  ~  60  號'],morning
2930,2931,住宅竊盜,1090405,10~12,臺北市信義區四維里虎林街66巷1~30號,['臺  北市  信義區  四維里  虎林  街  66  巷  1  ~  30  號'],morning
2932,2933,住宅竊盜,1090406,08~10,臺北市信義區四維里虎林街70巷1~30號,['臺  北市  信義區  四維里  虎林  街  70  巷  1  ~  30  號'],morning
2933,2934,住宅竊盜,1090407,06~08,臺北市士林區天祿里忠誠路2段118巷1~30號,['臺  北市  士林  區天祿里  忠誠路  2  段  118  巷  1  ~  30  號'],morning
2936,2937,住宅竊盜,1090409,10~12,臺北市北投區榮華里明德路118巷1~30號,['臺  北  市北  投區  榮華里  明德  路  118  巷  1  ~  30  號'],morning
2941,2942,住宅竊盜,1090414,10~12,臺北市松山區敦化北路155巷91~120號,['臺  北市  松山  區  敦化北路  155  巷  91  ~  120  號'],morning
2944,2945,住宅竊盜,1090417,06~08,臺北市中正區網溪里重慶南路3段151~180號,['臺  北市  中正  區網  溪里  重慶  南路  3  段  151  ~  180  號'],morning
2948,2949,住宅竊盜,1090419,10~12,臺北市松山區敦化北路145巷18弄1~30號,['臺  北市  松山  區  敦化北路  145  巷  18  弄  1  ~  30  號'],morning
2950,2951,住宅竊盜,1090424,08~10,臺北市萬華區萬大路506巷1弄1~30號,['臺  北市  萬華區  萬  大路  506  巷  1  弄  1  ~  30  號'],morning
2955,2956,住宅竊盜,1090501,10~12,臺北市萬華區昆明街61~90號,['臺  北市  萬華區  昆明街  61  ~  90  號'],morning
2957,2958,住宅竊盜,1090505,08~10,臺北市士林區明勝里通河街91~120號,['臺  北市  士林  區明  勝里  通河  街  91  ~  120  號'],morning
2960,2961,住宅竊盜,1090511,10~12,臺北市萬華區西寧南路71巷1~30號,['臺  北市  萬華區  西寧  南路  71  巷  1  ~  30  號'],morning
2968,2969,住宅竊盜,1090517,08~10,臺北市中山區明水路397巷1~30號,['臺  北市  中山  區明  水路  397  巷  1  ~  30  號'],morning
2971,2972,住宅竊盜,1090520,06~08,臺北市萬華區昆明街181~210號,['臺  北市  萬華區  昆明街  181  ~  210  號'],morning
2980,2981,住宅竊盜,1090527,08~10,臺北市大安區臥龍里(復興南路2段331~360號,['臺  北市  大安  區臥龍里  (  復  興  南路  2  段  331  ~  360  號'],morning
2981,2982,住宅竊盜,1090529,08~10,臺北市萬華區昆明街31~60號,['臺  北市  萬華區  昆明街  31  ~  60  號'],morning
2983,2984,住宅竊盜,1090530,10~12,臺北市中山區八德路2段271~300號,['臺  北市  中山  區  八德  路  2  段  271  ~  300  號'],morning
2986,2987,住宅竊盜,1090603,10~12,臺北市士林區蘭興里德行西路31~60號,['臺  北市  士林  區蘭興里  德行  西路  31  ~  60  號'],morning
2996,2997,住宅竊盜,1090609,08~10,臺北市內湖區金湖路401巷1~30號,['臺  北市  內  湖區  金湖路  401  巷  1  ~  30  號'],morning
2997,2998,住宅竊盜,1090609,10~12,臺北市大安區虎嘯里和平東路3段98巷2弄1~30號,['臺  北市  大安  區虎嘯里  和平  東路  3  段  98  巷  2  弄  1  ~  30  號'],morning
2998,2999,住宅竊盜,1090616,10~12,臺北市南港區新光里忠孝東路6段391~420號,['臺  北市  南港  區  新光  里  忠孝  東路  6  段  391  ~  420  號'],morning
3005,3006,住宅竊盜,1090701,10~12,臺北市大安區敦安里敦化南路1段329巷6弄1~30號,['臺  北市  大安  區敦安里  敦化南路  1  段  329  巷  6  弄  1  ~  30  號'],morning
3006,3007,住宅竊盜,1090701,10~12,臺北市萬華區桂林路61~90號,['臺  北市  萬華區  桂林  路  61  ~  90  號'],morning
3009,3010,住宅竊盜,1090703,10~12,臺北市士林區葫東里通河西街1段91~120號,['臺  北市  士林  區葫東里  通河  西街  1  段  91  ~  120  號'],morning
3010,3011,住宅竊盜,1090704,08~10,臺北市中正區南門里延平南路157巷1~30號,['臺  北市  中正  區南門  里  延平南路  157  巷  1  ~  30  號'],morning
3013,3014,住宅竊盜,1090706,06~08,臺北市中山區龍江路342巷1~30號,['臺  北市  中山  區龍江路  342  巷  1  ~  30  號'],morning
3014,3015,住宅竊盜,1090706,10~12,臺北市萬華區民和街55巷1~30號,['臺  北市  萬華區  民和  街  55  巷  1  ~  30  號'],morning
3017,3018,住宅竊盜,1090709,10~12,臺北市南港區研究院路3段10巷1~30號,['臺  北市  南港  區  研究院  路  3  段  10  巷  1  ~  30  號'],morning
3019,3020,住宅竊盜,1090710,08~10,臺北市中山區龍江路342巷1~30號,['臺  北市  中山  區龍江路  342  巷  1  ~  30  號'],morning
3022,3023,住宅竊盜,1090713,08~10,臺北市內湖區(內湖區民權東路六段206巷91~120號,['臺  北市  內  湖區  (  內  湖區民權  東路  六段  206  巷  91  ~  120  號'],morning
3023,3024,住宅竊盜,1090715,11~13,臺北市中山區龍江路356巷81號3樓中山區龍江路356巷61~90號,['臺  北市  中山  區龍江路  356  巷  81  號  3  樓  中山  區龍江路  356  巷  61  ~  90  號'],morning
3033,3034,住宅竊盜,1090728,08~10,臺北市北投區中和街391~420號,['臺  北  市北  投區  中  和  街  391  ~  420  號'],morning
3035,3036,住宅竊盜,1090730,08~10,臺北市中山區錦州街30巷1~30號,['臺  北市  中山  區錦州  街  30  巷  1  ~  30  號'],morning
3041,3042,住宅竊盜,1090808,08~10,臺北市大安區龍安里6鄰青田街7巷1~30號,['臺  北市  大安  區龍安里  6  鄰  青田  街  7  巷  1  ~  30  號'],morning
3046,3047,住宅竊盜,1090818,08~10,臺北市中山區中山北路2段183巷2之1~30號,['臺  北市  中山  區  中山北路  2  段  183  巷  2  之  1  ~  30  號'],morning
3047,3048,住宅竊盜,1090818,10~12,臺北市士林區社園里永平街61~90號,['臺  北市  士林  區社園  里  永平  街  61  ~  90  號'],morning
3051,3052,住宅竊盜,1090821,08~10,臺北市松山區八德路4段151~180號,['臺  北市  松山  區  八德  路  4  段  151  ~  180  號'],morning
3053,3054,住宅竊盜,1090824,08~10,臺北市士林區蘭雅里德行東路93巷1~30號,['臺  北市  士林  區蘭雅里  德行  東路  93  巷  1  ~  30  號'],morning
3056,3057,住宅竊盜,1090828,10~12,臺北市萬華區騰雲里國興路1巷1~30號,['臺  北市  萬華區  騰雲里  國興路  1  巷  1  ~  30  號'],morning
3065,3066,住宅竊盜,1090903,10~12,臺北市大安區龍雲里復興南路2段111巷17弄1~30號,['臺  北市  大安  區龍雲里  復  興  南路  2  段  111  巷  17  弄  1  ~  30  號'],morning
3068,3069,住宅竊盜,1090907,10~12,臺北市北投區關渡里知行路214巷31~60號,['臺  北  市北  投區  關渡  里  知  行路  214  巷  31  ~  60  號'],morning
3069,3070,住宅竊盜,1090908,08~10,臺北市士林區承德里承德路4段80巷31~60號,['臺  北市  士林  區  承德  里  承德路  4  段  80  巷  31  ~  60  號'],morning
3070,3071,住宅竊盜,1090909,08~10,臺北市士林區社新里社子街115巷1~30號,['臺  北市  士林  區社  新里  社子  街  115  巷  1  ~  30  號'],morning
3071,3072,住宅竊盜,1090911,08~10,臺北市北投區永和里行義路154巷1~30號,['臺  北  市北  投區  永和  里  行義路  154  巷  1  ~  30  號'],morning
3080,3081,住宅竊盜,1090927,08~10,臺北市中山區民族東路331~360號,['臺  北市  中山  區  民族  東路  331  ~  360  號'],morning
3089,3090,住宅竊盜,1091011,08~10,臺北市松山區八德路4段106巷4弄1~30號,['臺  北市  松山  區  八德  路  4  段  106  巷  4  弄  1  ~  30  號'],morning
3100,3101,住宅竊盜,1091116,08~10,臺北市松山區八德路4段451~480號,['臺  北市  松山  區  八德  路  4  段  451  ~  480  號'],morning
3106,3107,住宅竊盜,1091123,10~12,臺北市南港區萬福里同德路50巷1~30號,['臺  北市  南港  區萬福里  同德  路  50  巷  1  ~  30  號'],morning
3110,3111,住宅竊盜,1091125,09~11,臺北市中山區長安東路2段181~210號,['臺  北市  中山  區長  安東路  2  段  181  ~  210  號'],morning
3115,3116,住宅竊盜,1091201,08~10,臺北市松山區三民路74巷1~30號,['臺  北市  松山  區  三民路  74  巷  1  ~  30  號'],morning
3123,3124,住宅竊盜,1091225,10~12,臺北市中正區忠勤里惠安街1~30號,['臺  北市  中正  區忠勤  里  惠安  街  1  ~  30  號'],morning
3129,3130,住宅竊盜,1100108,11~13,臺北市士林區陽明里格致路200~230號,['臺  北市  士林  區陽  明里  格致  路  200  ~  230  號'],morning
3134,3135,住宅竊盜,1100120,10~12,臺北市大同區南京西路301 ~ 330號,['臺  北市  大同  區  南京  西路  301     ~     330  號'],morning
3135,3136,住宅竊盜,1100120,08~10,臺北市中正區永功里18鄰和平西路2段1~30號,['臺  北市  中正  區永功  里  18  鄰  和平西路  2  段  1  ~  30  號'],morning
3138,3139,住宅竊盜,1100209,11~13,臺北市中山區林森北路481~510號,['臺  北市  中山  區  林森北路  481  ~  510  號'],morning
3139,3140,住宅竊盜,1100211,11~13,臺北市萬華區三水街101~130號,['臺  北市  萬華區  三  水街  101  ~  130  號'],morning
3142,3143,住宅竊盜,1100214,08~10,臺北市士林區忠誠里德行東路46巷5弄1~30號,['臺  北市  士林  區忠誠里  德行  東路  46  巷  5  弄  1  ~  30  號'],morning
3144,3145,住宅竊盜,1100215,08~10,臺北市中山區新生北路二段91~120號,['臺  北市  中山  區  新生北路  二段  91  ~  120  號'],morning
3152,3153,住宅竊盜,1100318,11~13,臺北市士林區陽明里建業路34~29號,['臺  北市  士林  區陽  明里  建業路  34  ~  29  號'],morning
3153,3154,住宅竊盜,1100319,11~13,臺北市大安區誠安里安東街31~60號,['臺  北市  大安  區誠安  里安  東街  31  ~  60  號'],morning
3159,3160,住宅竊盜,1100402,11~13,臺北市信義區黎平里信安街95巷1~30號,['臺  北市  信義區  黎平  里  信安街  95  巷  1  ~  30  號'],morning
3160,3161,住宅竊盜,1100404,11~13,臺北市士林區天和里天母東路69巷12弄1~30號,['臺  北市  士林  區天  和  里  天母  東路  69  巷  12  弄  1  ~  30  號'],morning
3161,3162,住宅竊盜,1100411,11~13,臺北市北投區關渡里大度路3段181~210號,['臺  北  市北  投區  關渡  里  大度路  3  段  181  ~  210  號'],morning
3168,3169,住宅竊盜,1100501,08~10,臺北市北投區關渡里大度路3段181~210號,['臺  北  市北  投區  關渡  里  大度路  3  段  181  ~  210  號'],morning
3172,3173,住宅竊盜,1100507,08~10,臺北市北投區開明里中和街292巷1~30號,['臺  北  市北  投區  開  明里  中  和  街  292  巷  1  ~  30  號'],morning
3188,3189,住宅竊盜,1100614,11~13,臺北市萬華區三水街22巷1~30號,['臺  北市  萬華區  三  水街  22  巷  1  ~  30  號'],morning
3199,3200,住宅竊盜,1100706,08~10,臺北市內湖區港華街107巷1~30號,['臺  北市  內  湖區  港華街  107  巷  1  ~  30  號'],morning
3201,3202,住宅竊盜,1100706,11~13,臺北市士林區後港里承德路4段277巷31~60號,['臺  北市  士林  區後港  里  承德路  4  段  277  巷  31  ~  60  號'],morning
3202,3203,住宅竊盜,1100707,11~13,臺北市中正區南海路91~120號,['臺  北市  中正  區  南海路  91  ~  120  號'],morning
3213,3214,住宅竊盜,1100728,11~13,臺北市中正區重慶南路3段31~60號,['臺  北市  中正  區重慶  南路  3  段  31  ~  60  號'],morning
3217,3218,住宅竊盜,1100806,11~13,臺北市中山區林森北路91~120號,['臺  北市  中山  區  林森北路  91  ~  120  號'],morning
3220,3221,住宅竊盜,1100809,11~13,臺北市內湖區麗山街348巷1~30號,['臺  北市  內  湖區麗山  街  348  巷  1  ~  30  號'],morning
3224,3225,住宅竊盜,1100812,11~13,臺北市中山區遼寧街62巷1~30號,['臺  北市  中山  區遼寧街  62  巷  1  ~  30  號'],morning
3232,3233,住宅竊盜,1100826,08~10,臺北市中山區民生東路1段61~90號,['臺  北市  中山  區  民生  東路  1  段  61  ~  90  號'],morning
3233,3234,住宅竊盜,1100829,08~10,臺北市信義區中行里福德街221巷1~30號,['臺  北市  信義區  中行  里  福德街  221  巷  1  ~  30  號'],morning
3236,3237,住宅竊盜,1100907,11~13,臺北市內湖區內湖路1段91巷12弄1~30號,['臺  北市  內  湖區  內  湖路  1  段  91  巷  12  弄  1  ~  30  號'],morning
3237,3238,住宅竊盜,1100908,08~10,臺北市中正區羅斯福路3段286巷4弄1~30號,['臺  北市  中正  區羅斯福路  3  段  286  巷  4  弄  1  ~  30  號'],morning
3243,3244,住宅竊盜,1100923,11~13,臺北市中山區中山北路2段27巷1~30號,['臺  北市  中山  區  中山北路  2  段  27  巷  1  ~  30  號'],morning
3248,3249,住宅竊盜,1100929,11~13,臺北市士林區永平街61~90號,['臺  北市  士林  區  永平  街  61  ~  90  號'],morning
3255,3256,住宅竊盜,1101006,06~08,臺北市南港區九如里研究院路3段68巷1~30號,['臺  北市  南港  區九如里  研究院  路  3  段  68  巷  1  ~  30  號'],morning
3258,3259,住宅竊盜,1101013,06~08,臺北市萬華區青年路31~60號,['臺  北市  萬華區  青年  路  31  ~  60  號'],morning
3261,3262,住宅竊盜,1101023,11~13,臺北市中正區中華路2段271~300號,['臺  北市  中正  區中華路  2  段  271  ~  300  號'],morning
3263,3264,住宅竊盜,1101027,11~13,臺北市大同區哈密街45巷1弄1~30號,['臺  北市  大同  區  哈密  街  45  巷  1  弄  1  ~  30  號'],morning
3267,3268,住宅竊盜,1101102,09~11,臺北市文山區萬興里009鄰指南路2段61~90號,['臺  北市  文山  區萬興里  009  鄰  指南  路  2  段  61  ~  90  號'],morning
3269,3270,住宅竊盜,1101113,06~08,臺北市中正區紹興南街1~30號,['臺  北市  中正  區紹興  南街  1  ~  30  號'],morning
